building,hood,lab,floor,server,flow_sensor,sash_position_sensor,object_id,device_id,internal_temp_sensor,external_temp_sensor,,,,,,,,,,,,,,,
biotech,1,G54,G,biotech_main,#biotech/biotech_ground_floor/ground_floor_fume_hood_lab_spaces/lab_g54_control/hoodvalve_flow,#biotech/biotech_ground_floor/ground_floor_fume_hood_lab_spaces/lab_g54_control/hood_sash,AI:3,DEV:1018354,#biotech/biotech_ground_floor/ground_floor_fume_hood_lab_spaces/lab_g54_control/zone/zone_temp/trend_log,#biotech/ground_flr_mech/building_hydronic_heating_syatems/reheat_heat_exchanger/oat,,,,,,,,,,,,,,,
biotech,1,141,1,biotech_main,#biotech/biotech_1st_floor/first_floor_fume_hood_lab_spaces/lab_141_control/hoodvalve_flow,#biotech/biotech_1st_floor/first_floor_fume_hood_lab_spaces/lab_141_control/hood_sash,,,#biotech/biotech_1st_floor/first_floor_fume_hood_lab_spaces/lab_141_control/zone/zone_temp/trend_log,#biotech/ground_flr_mech/building_hydronic_heating_syatems/reheat_heat_exchanger/oat,,,,,,,,,,,,,,,
biotech,1,143,1,biotech_main,#biotech/biotech_1st_floor/first_floor_fume_hood_lab_spaces/lab_143_control/hoodvalve_flow,#biotech/biotech_1st_floor/first_floor_fume_hood_lab_spaces/lab_143_control/hood_sash,,,#biotech/biotech_1st_floor/first_floor_fume_hood_lab_spaces/lab_143_control/zone/zone_temp/trend_log,#biotech/ground_flr_mech/building_hydronic_heating_syatems/reheat_heat_exchanger/oat,,,,,,,,,,,,,,,
biotech,1,147B,1,biotech_main,#biotech/biotech_1st_floor/first_floor_fume_hood_lab_spaces/lab_147b_control/hoodvalve_flow,#biotech/biotech_1st_floor/first_floor_fume_hood_lab_spaces/lab_147b_control/hood_sash,,,#biotech/biotech_1st_floor/first_floor_fume_hood_lab_spaces/lab_147b_control/zone/zone_temp/trend_log,#biotech/ground_flr_mech/building_hydronic_heating_syatems/reheat_heat_exchanger/oat,,,,,,,,,,,,,,,
biotech,1,153,1,biotech_main,#biotech/biotech_1st_floor/first_floor_fume_hood_lab_spaces/lab_153_control/hoodvalve_flow,#biotech/biotech_1st_floor/first_floor_fume_hood_lab_spaces/lab_153_control/hood_sash,,,#biotech/biotech_1st_floor/first_floor_fume_hood_lab_spaces/lab_153_control/zone/zone_temp/trend_log,#biotech/ground_flr_mech/building_hydronic_heating_syatems/reheat_heat_exchanger/oat,,,,,,,,,,,,,,,
biotech,1,153B,1,biotech_main,#biotech/biotech_1st_floor/first_floor_fume_hood_lab_spaces/lab_153b_control/hoodvalve_flow,#biotech/biotech_1st_floor/first_floor_fume_hood_lab_spaces/lab_153b_control/hood_sash,,,#biotech/biotech_1st_floor/first_floor_fume_hood_lab_spaces/lab_153b_control/zone/zone_temp/trend_log,#biotech/ground_flr_mech/building_hydronic_heating_syatems/reheat_heat_exchanger/oat,,,,,,,,,,,,,,,
biotech,1,155,1,biotech_main,#biotech/biotech_1st_floor/first_floor_fume_hood_lab_spaces/lab_155_control/hoodvalve_flow,#biotech/biotech_1st_floor/first_floor_fume_hood_lab_spaces/lab_155_control/hood_sash,,,#biotech/biotech_1st_floor/first_floor_fume_hood_lab_spaces/lab_155_control/zone/zone_temp/trend_log,#biotech/ground_flr_mech/building_hydronic_heating_syatems/reheat_heat_exchanger/oat,,,,,,,,,,,,,,,
biotech,1,160,1,biotech_main,#biotech/biotech_1st_floor/first_floor_fume_hood_lab_spaces/lab_160_control/hoodvalve_flow,#biotech/biotech_1st_floor/first_floor_fume_hood_lab_spaces/lab_160_control/hood_sash,,,#biotech/biotech_1st_floor/first_floor_fume_hood_lab_spaces/lab_160_control/zone/zone_temp/trend_log,#biotech/ground_flr_mech/building_hydronic_heating_syatems/reheat_heat_exchanger/oat,,,,,,,,,,,,,,,
biotech,1,203B,2,biotech_main,#biotech_lab_203b_hvac/fh-1_flow_fbk,#biotech_lab_203b_hvac/fh-1_sash_pos,,,#biotech_lab_203b_hvac/zone_temp,#biotech/ground_flr_mech/building_hydronic_heating_syatems/reheat_heat_exchanger/oat,,,,,,,,,,,,,,,
biotech,1,209,2,biotech_main,#biotech_209_hvac/fh-1_flow_fbk,#biotech_209_hvac/fh-1_sash_pos,,,#biotech_209_hvac/zone_temp,#biotech/ground_flr_mech/building_hydronic_heating_syatems/reheat_heat_exchanger/oat,,,,,,,,,,,,,,,
biotech,1,209B,2,biotech_main,#biotech_209b_hvac/fh-1_flow_fbk,#biotech_209b_hvac/fh-1_sash_pos,,,#biotech_209b_hvac/zone_temp,#biotech/ground_flr_mech/building_hydronic_heating_syatems/reheat_heat_exchanger/oat,,,,,,,,,,,,,,,
biotech,1,245,2,biotech_main,#biotech_245_hvac/fh-1_flow_fbk,#biotech_245_hvac/fh-1_sash_pos,,,#biotech_245_hvac/zone_temp,#biotech/ground_flr_mech/building_hydronic_heating_syatems/reheat_heat_exchanger/oat,,,,,,,,,,,,,,,
biotech,1,245B,2,biotech_main,#biotech_245_hvac/fh-1_flow_fbk,#biotech_lab_245b_hvac/fh-1_sash_pos,,,#biotech_lab_245b_hvac/zone_temp,#biotech/ground_flr_mech/building_hydronic_heating_syatems/reheat_heat_exchanger/oat,,,,,,,,,,,,,,,
biotech,1,217B,2,biotech_main,#biotech/biotech_2nd_floor/second_floor_fume_hood_lab_spaces/lab_217b_control/hoodvalve_flow,#biotech/biotech_2nd_floor/second_floor_fume_hood_lab_spaces/lab_217b_control/hood_sash,,,#biotech/biotech_2nd_floor/second_floor_fume_hood_lab_spaces/lab_217b_control/zone/zone_temp/trend_log,#biotech/ground_flr_mech/building_hydronic_heating_syatems/reheat_heat_exchanger/oat,,,,,,,,,,,,,,,
biotech,1,221,2,biotech_main,#biotech/biotech_2nd_floor/second_floor_fume_hood_lab_spaces/lab_221_control/hoodvalve_flow,#biotech/biotech_2nd_floor/second_floor_fume_hood_lab_spaces/lab_221_control/hood_sash,,,#biotech/biotech_2nd_floor/second_floor_fume_hood_lab_spaces/lab_221_control/zone/zone_temp/trend_log,#biotech/ground_flr_mech/building_hydronic_heating_syatems/reheat_heat_exchanger/oat,,,,,,,,,,,,,,,
biotech,1,221B,2,biotech_main,#biotech/biotech_2nd_floor/second_floor_fume_hood_lab_spaces/lab_221b_control/hoodvalve_flow,#biotech/biotech_2nd_floor/second_floor_fume_hood_lab_spaces/lab_221b_control/hood_sash,,,#biotech/biotech_2nd_floor/second_floor_fume_hood_lab_spaces/lab_221b_control/zone/zone_temp/trend_log,#biotech/ground_flr_mech/building_hydronic_heating_syatems/reheat_heat_exchanger/oat,,,,,,,,,,,,,,,
biotech,1,227,2,biotech_main,#biotech/biotech_2nd_floor/second_floor_fume_hood_lab_spaces/lab_227_control/hoodvalve_flow,#biotech/biotech_2nd_floor/second_floor_fume_hood_lab_spaces/lab_227_control/hood_sash,,,#biotech/biotech_2nd_floor/second_floor_fume_hood_lab_spaces/lab_227_control/zone/zone_temp/trend_log,#biotech/ground_flr_mech/building_hydronic_heating_syatems/reheat_heat_exchanger/oat,,,,,,,,,,,,,,,
biotech,1,227B,2,biotech_main,#biotech/biotech_2nd_floor/second_floor_fume_hood_lab_spaces/lab_227b_control/hoodvalve_flow,#biotech/biotech_2nd_floor/second_floor_fume_hood_lab_spaces/lab_227b_control/hood_sash,,,#biotech/biotech_2nd_floor/second_floor_fume_hood_lab_spaces/lab_227b_control/zone/zone_temp/trend_log,#biotech/ground_flr_mech/building_hydronic_heating_syatems/reheat_heat_exchanger/oat,,,,,,,,,,,,,,,
biotech,1,233,2,biotech_main,#biotech/biotech_2nd_floor/second_floor_fume_hood_lab_spaces/lab_233_control/hoodvalve_flow,#biotech/biotech_2nd_floor/second_floor_fume_hood_lab_spaces/lab_233_control/hood_sash,,,#biotech/biotech_2nd_floor/second_floor_fume_hood_lab_spaces/lab_233_control/zone/zone_temp/trend_log,#biotech/ground_flr_mech/building_hydronic_heating_syatems/reheat_heat_exchanger/oat,,,,,,,,,,,,,,,
biotech,1,233B,2,biotech_main,#biotech/biotech_2nd_floor/second_floor_fume_hood_lab_spaces/lab_233b_control/hoodvalve_flow,#biotech/biotech_2nd_floor/second_floor_fume_hood_lab_spaces/lab_233b_control/hood_sash,,,#biotech/biotech_2nd_floor/second_floor_fume_hood_lab_spaces/lab_233b_control/zone/zone_temp/trend_log,#biotech/ground_flr_mech/building_hydronic_heating_syatems/reheat_heat_exchanger/oat,,,,,,,,,,,,,,,
biotech,1,241,2,biotech_main,#biotech/biotech_2nd_floor/second_floor_fume_hood_lab_spaces/lab_241_control/hoodvalve_flow,#biotech/biotech_2nd_floor/second_floor_fume_hood_lab_spaces/lab_241_control/hood_sash,,,#biotech/biotech_2nd_floor/second_floor_fume_hood_lab_spaces/lab_241_control/zone/zone_temp/trend_log,#biotech/ground_flr_mech/building_hydronic_heating_syatems/reheat_heat_exchanger/oat,,,,,,,,,,,,,,,
biotech,1,241B,2,biotech_main,#biotech/biotech_2nd_floor/second_floor_fume_hood_lab_spaces/lab_241b_control/hoodvalve_flow,#biotech/biotech_2nd_floor/second_floor_fume_hood_lab_spaces/lab_241b_control/hood_sash,,,#biotech/biotech_2nd_floor/second_floor_fume_hood_lab_spaces/lab_241b_control/zone/zone_temp/trend_log,#biotech/ground_flr_mech/building_hydronic_heating_syatems/reheat_heat_exchanger/oat,,,,,,,,,,,,,,,
biotech,1,253,2,biotech_main,#biotech/biotech_2nd_floor/second_floor_fume_hood_lab_spaces/lab_253_control/hoodvalve_flow,#biotech/biotech_2nd_floor/second_floor_fume_hood_lab_spaces/lab_253_control/hood_sash,,,#biotech/biotech_2nd_floor/second_floor_fume_hood_lab_spaces/lab_253_control/zone/zone_temp/trend_log,#biotech/ground_flr_mech/building_hydronic_heating_syatems/reheat_heat_exchanger/oat,,,,,,,,,,,,,,,
biotech,1,253B,2,biotech_main,#biotech/biotech_2nd_floor/second_floor_fume_hood_lab_spaces/lab_253b_control/hoodvalve_flow,#biotech/biotech_2nd_floor/second_floor_fume_hood_lab_spaces/lab_253b_control/hood_sash,,,#biotech/biotech_2nd_floor/second_floor_fume_hood_lab_spaces/lab_253b_control/zone/zone_temp/trend_log,#biotech/ground_flr_mech/building_hydronic_heating_syatems/reheat_heat_exchanger/oat,,,,,,,,,,,,,,,
biotech,1,257,2,biotech_main,#biotech/biotech_2nd_floor/second_floor_fume_hood_lab_spaces/lab_257_control/hoodvalve_flow,#biotech/biotech_2nd_floor/second_floor_fume_hood_lab_spaces/lab_257_control/hood_sash,,,#biotech/biotech_2nd_floor/second_floor_fume_hood_lab_spaces/lab_257_control/zone/zone_temp/trend_log,#biotech/ground_flr_mech/building_hydronic_heating_syatems/reheat_heat_exchanger/oat,,,,,,,,,,,,,,,
biotech,1,257B,2,biotech_main,#biotech/biotech_2nd_floor/second_floor_fume_hood_lab_spaces/lab_257b_control/hoodvalve_flow,#biotech/biotech_2nd_floor/second_floor_fume_hood_lab_spaces/lab_257b_control/hood_sash,,,#biotech/biotech_2nd_floor/second_floor_fume_hood_lab_spaces/lab_257b_control/zone/zone_temp/trend_log,#biotech/ground_flr_mech/building_hydronic_heating_syatems/reheat_heat_exchanger/oat,,,,,,,,,,,,,,,
biotech,1,260,2,biotech_main,#biotech/biotech_2nd_floor/second_floor_fume_hood_lab_spaces/lab_260_control/hoodvalve_flow,#biotech/biotech_2nd_floor/second_floor_fume_hood_lab_spaces/lab_260_control/hood_sash,,,#biotech/biotech_2nd_floor/second_floor_fume_hood_lab_spaces/lab_260_control/zone/zone_temp/trend_log,#biotech/ground_flr_mech/building_hydronic_heating_syatems/reheat_heat_exchanger/oat,,,,,,,,,,,,,,,
biotech,1,260B,2,biotech_main,#biotech/biotech_2nd_floor/second_floor_fume_hood_lab_spaces/lab_260b_control/hoodvalve_flow,#biotech/biotech_2nd_floor/second_floor_fume_hood_lab_spaces/lab_260b_control/hood_sash,,,#biotech/biotech_2nd_floor/second_floor_fume_hood_lab_spaces/lab_260b_control/zone/zone_temp/trend_log,#biotech/ground_flr_mech/building_hydronic_heating_syatems/reheat_heat_exchanger/oat,,,,,,,,,,,,,,,
biotech,1,267,2,biotech_main,#biotech/biotech_2nd_floor/second_floor_fume_hood_lab_spaces/lab_267_control/hoodvalve_flow,#biotech/biotech_2nd_floor/second_floor_fume_hood_lab_spaces/lab_267_control/hood_sash,,,#biotech/biotech_2nd_floor/second_floor_fume_hood_lab_spaces/lab_267_control/zone/zone_temp/trend_log,#biotech/ground_flr_mech/building_hydronic_heating_syatems/reheat_heat_exchanger/oat,,,,,,,,,,,,,,,
biotech,1,267B,2,biotech_main,#biotech/biotech_2nd_floor/second_floor_fume_hood_lab_spaces/lab_267b_control/hoodvalve_flow,#biotech/biotech_2nd_floor/second_floor_fume_hood_lab_spaces/lab_267b_control/hood_sash,,,#biotech/biotech_2nd_floor/second_floor_fume_hood_lab_spaces/lab_267b_control/zone/zone_temp/trend_log,#biotech/ground_flr_mech/building_hydronic_heating_syatems/reheat_heat_exchanger/oat,,,,,,,,,,,,,,,
biotech,1,303,3,biotech_main,#biotech/biotech_3rd_floor/third_floor_fume_hood_lab_spaces/lab_303_control/hoodvalve_flow,#biotech/biotech_3rd_floor/third_floor_fume_hood_lab_spaces/lab_303_control/hood_sash,,,#biotech/biotech_3rd_floor/third_floor_fume_hood_lab_spaces/lab_303_control/zone/zone_temp/trend_log,#biotech/ground_flr_mech/building_hydronic_heating_syatems/reheat_heat_exchanger/oat,,,,,,,,,,,,,,,
biotech,1,303B,3,biotech_main,#biotech/biotech_3rd_floor/third_floor_fume_hood_lab_spaces/lab_303b_control/hoodvalve_flow,#biotech/biotech_3rd_floor/third_floor_fume_hood_lab_spaces/lab_303b_control/hood_sash,,,#biotech/biotech_3rd_floor/third_floor_fume_hood_lab_spaces/lab_303b_control/zone/zone_temp/trend_log,#biotech/ground_flr_mech/building_hydronic_heating_syatems/reheat_heat_exchanger/oat,,,,,,,,,,,,,,,
biotech,1,309,3,biotech_main,#biotech/biotech_3rd_floor/third_floor_fume_hood_lab_spaces/lab_309_control/hoodvalve_flow,#biotech/biotech_3rd_floor/third_floor_fume_hood_lab_spaces/lab_309_control/hood_sash,,,#biotech/biotech_3rd_floor/third_floor_fume_hood_lab_spaces/lab_309_control/zone/zone_temp/trend_log,#biotech/ground_flr_mech/building_hydronic_heating_syatems/reheat_heat_exchanger/oat,,,,,,,,,,,,,,,
biotech,1,309B,3,biotech_main,#biotech/biotech_3rd_floor/third_floor_fume_hood_lab_spaces/lab_309b_control/hoodvalve_flow,#biotech/biotech_3rd_floor/third_floor_fume_hood_lab_spaces/lab_309b_control/hood_sash,,,#biotech/biotech_3rd_floor/third_floor_fume_hood_lab_spaces/lab_309b_control/zone/zone_temp/trend_log,#biotech/ground_flr_mech/building_hydronic_heating_syatems/reheat_heat_exchanger/oat,,,,,,,,,,,,,,,
biotech,1,317,3,biotech_main,#biotech/biotech_3rd_floor/third_floor_fume_hood_lab_spaces/lab_317_control/hoodvalve_flow,#biotech/biotech_3rd_floor/third_floor_fume_hood_lab_spaces/lab_317_control/hood_sash,,,#biotech/biotech_3rd_floor/third_floor_fume_hood_lab_spaces/lab_317_control/zone/zone_temp/trend_log,#biotech/ground_flr_mech/building_hydronic_heating_syatems/reheat_heat_exchanger/oat,,,,,,,,,,,,,,,
biotech,1,317B,3,biotech_main,#biotech/biotech_3rd_floor/third_floor_fume_hood_lab_spaces/lab_317b_control/hoodvalve_flow,#biotech/biotech_3rd_floor/third_floor_fume_hood_lab_spaces/lab_317b_control/hood_sash,,,#biotech/biotech_3rd_floor/third_floor_fume_hood_lab_spaces/lab_317b_control/zone/zone_temp/trend_log,#biotech/ground_flr_mech/building_hydronic_heating_syatems/reheat_heat_exchanger/oat,,,,,,,,,,,,,,,
biotech,1,318,3,biotech_main,#biotech/biotech_3rd_floor/third_floor_fume_hood_lab_spaces/lab_318_control/hoodvalve_flow,#biotech/biotech_3rd_floor/third_floor_fume_hood_lab_spaces/lab_318_control/hood_sash,,,#biotech/biotech_3rd_floor/third_floor_fume_hood_lab_spaces/lab_318_control/zone/zone_temp/trend_log,#biotech/ground_flr_mech/building_hydronic_heating_syatems/reheat_heat_exchanger/oat,,,,,,,,,,,,,,,
biotech,1,321,3,biotech_main,#biotech/biotech_3rd_floor/third_floor_fume_hood_lab_spaces/lab_321_control/hoodvalve_flow,#biotech/biotech_3rd_floor/third_floor_fume_hood_lab_spaces/lab_321_control/hood_sash,,,#biotech/biotech_3rd_floor/third_floor_fume_hood_lab_spaces/lab_321_control/zone/zone_temp/trend_log,#biotech/ground_flr_mech/building_hydronic_heating_syatems/reheat_heat_exchanger/oat,,,,,,,,,,,,,,,
biotech,1,321B,3,biotech_main,#biotech/biotech_3rd_floor/third_floor_fume_hood_lab_spaces/lab_321b_control/hoodvalve_flow,#biotech/biotech_3rd_floor/third_floor_fume_hood_lab_spaces/lab_321b_control/hood_sash,,,#biotech/biotech_3rd_floor/third_floor_fume_hood_lab_spaces/lab_321b_control/zone/zone_temp/trend_log,#biotech/ground_flr_mech/building_hydronic_heating_syatems/reheat_heat_exchanger/oat,,,,,,,,,,,,,,,
biotech,1,327,3,biotech_main,#biotech/biotech_3rd_floor/third_floor_fume_hood_lab_spaces/lab_327_control/hoodvalve_flow,#biotech/biotech_3rd_floor/third_floor_fume_hood_lab_spaces/lab_327_control/hood_sash,,,#biotech/biotech_3rd_floor/third_floor_fume_hood_lab_spaces/lab_327_control/zone/zone_temp/trend_log,#biotech/ground_flr_mech/building_hydronic_heating_syatems/reheat_heat_exchanger/oat,,,,,,,,,,,,,,,
biotech,1,327B,3,biotech_main,#biotech/biotech_3rd_floor/third_floor_fume_hood_lab_spaces/lab_327b_control/hoodvalve_flow,#biotech/biotech_3rd_floor/third_floor_fume_hood_lab_spaces/lab_327b_control/hood_sash,,,#biotech/biotech_3rd_floor/third_floor_fume_hood_lab_spaces/lab_327b_control/zone/zone_temp/trend_log,#biotech/ground_flr_mech/building_hydronic_heating_syatems/reheat_heat_exchanger/oat,,,,,,,,,,,,,,,
biotech,1,333,3,biotech_main,#biotech/biotech_3rd_floor/third_floor_fume_hood_lab_spaces/lab_333_control/hoodvalve_flow,#biotech/biotech_3rd_floor/third_floor_fume_hood_lab_spaces/lab_333_control/hood_sash,,,#biotech/biotech_3rd_floor/third_floor_fume_hood_lab_spaces/lab_333_control/zone/zone_temp/trend_log,#biotech/ground_flr_mech/building_hydronic_heating_syatems/reheat_heat_exchanger/oat,,,,,,,,,,,,,,,
biotech,1,333B,3,biotech_main,#biotech/biotech_3rd_floor/third_floor_fume_hood_lab_spaces/lab_333b_control/hoodvalve_flow,#biotech/biotech_3rd_floor/third_floor_fume_hood_lab_spaces/lab_333b_control/hood_sash,,,#biotech/biotech_3rd_floor/third_floor_fume_hood_lab_spaces/lab_333b_control/zone/zone_temp/trend_log,#biotech/ground_flr_mech/building_hydronic_heating_syatems/reheat_heat_exchanger/oat,,,,,,,,,,,,,,,
biotech,1,336,3,biotech_main,#biotech_336_hvac/fh-1_flow_fbk,#biotech_336_hvac/fh-1_sash_pos,,,#biotech_336_hvac/zone_temp,,,,,,,,,,,,,,,,
biotech,1,341,3,biotech_main,#biotech/biotech_3rd_floor/third_floor_fume_hood_lab_spaces/lab_341_control/hoodvalve_flow,#biotech/biotech_3rd_floor/third_floor_fume_hood_lab_spaces/lab_341_control/hood_sash,,,#biotech/biotech_3rd_floor/third_floor_fume_hood_lab_spaces/lab_341_control/zone/zone_temp/trend_log,#biotech/ground_flr_mech/building_hydronic_heating_syatems/reheat_heat_exchanger/oat,,,,,,,,,,,,,,,
biotech,1,341B,3,biotech_main,#biotech/biotech_3rd_floor/third_floor_fume_hood_lab_spaces/lab_341b_control/hoodvalve_flow,#biotech/biotech_3rd_floor/third_floor_fume_hood_lab_spaces/lab_341b_control/hood_sash,,,#biotech/biotech_3rd_floor/third_floor_fume_hood_lab_spaces/lab_341b_control/zone/zone_temp/trend_log,#biotech/ground_flr_mech/building_hydronic_heating_syatems/reheat_heat_exchanger/oat,,,,,,,,,,,,,,,
biotech,1,345,3,biotech_main,#biotech/biotech_3rd_floor/third_floor_fume_hood_lab_spaces/lab_345_control/hoodvalve_flow,#biotech/biotech_3rd_floor/third_floor_fume_hood_lab_spaces/lab_345_control/hood_sash,,,#biotech/biotech_3rd_floor/third_floor_fume_hood_lab_spaces/lab_345_control/zone/zone_temp/trend_log,#biotech/ground_flr_mech/building_hydronic_heating_syatems/reheat_heat_exchanger/oat,,,,,,,,,,,,,,,
biotech,1,345B,3,biotech_main,#biotech/biotech_3rd_floor/third_floor_fume_hood_lab_spaces/lab_345b_control/hoodvalve_flow,#biotech/biotech_3rd_floor/third_floor_fume_hood_lab_spaces/lab_345b_control/hood_sash,,,#biotech/biotech_3rd_floor/third_floor_fume_hood_lab_spaces/lab_345b_control/zone/zone_temp/trend_log,#biotech/ground_flr_mech/building_hydronic_heating_syatems/reheat_heat_exchanger/oat,,,,,,,,,,,,,,,
biotech,1,353_EAST,3,biotech_main,#biotech_353_east_hvac/fh-1_flow_fbk,#biotech_353_east_hvac/fh-1_sash_pos,,,#biotech_353_east_hvac/zone_temp,,,,,,,,,,,,,,,,
biotech,1,353_WEST,3,biotech_main,#biotech_353_west_hvac/fh-1_flow_fbk,#biotech_353_west_hvac/fh-1_sash_pos,,,#biotech_353_west_hvac/zone_temp,,,,,,,,,,,,,,,,
biotech,1,360,3,biotech_main,#biotech/biotech_3rd_floor/third_floor_fume_hood_lab_spaces/lab_360_control/hoodvalve_flow,#biotech/biotech_3rd_floor/third_floor_fume_hood_lab_spaces/lab_360_control/hood_sash,,,#biotech/biotech_3rd_floor/third_floor_fume_hood_lab_spaces/lab_360_control/zone/zone_temp/trend_log,#biotech/ground_flr_mech/building_hydronic_heating_syatems/reheat_heat_exchanger/oat,,,,,,,,,,,,,,,
biotech,1,360B,3,biotech_main,#biotech/biotech_3rd_floor/third_floor_fume_hood_lab_spaces/lab_360b_control/hoodvalve_flow,#biotech/biotech_3rd_floor/third_floor_fume_hood_lab_spaces/lab_360b_control/hood_sash,,,#biotech/biotech_3rd_floor/third_floor_fume_hood_lab_spaces/lab_360b_control/zone/zone_temp/trend_log,#biotech/ground_flr_mech/building_hydronic_heating_syatems/reheat_heat_exchanger/oat,,,,,,,,,,,,,,,
biotech,1,367,3,biotech_main,#biotech/biotech_3rd_floor/third_floor_fume_hood_lab_spaces/lab_367_control/hoodvalve_flow,#biotech/biotech_3rd_floor/third_floor_fume_hood_lab_spaces/lab_367_control/hood_sash,,,#biotech/biotech_3rd_floor/third_floor_fume_hood_lab_spaces/lab_367_control/zone/zone_temp/trend_log,#biotech/ground_flr_mech/building_hydronic_heating_syatems/reheat_heat_exchanger/oat,,,,,,,,,,,,,,,
biotech,1,367B,3,biotech_main,#biotech/biotech_3rd_floor/third_floor_fume_hood_lab_spaces/lab_367b_control/hoodvalve_flow,#biotech/biotech_3rd_floor/third_floor_fume_hood_lab_spaces/lab_367b_control/hood_sash,,,#biotech/biotech_3rd_floor/third_floor_fume_hood_lab_spaces/lab_367b_control/zone/zone_temp/trend_log,#biotech/ground_flr_mech/building_hydronic_heating_syatems/reheat_heat_exchanger/oat,,,,,,,,,,,,,,,
biotech,1,403,4,biotech_main,#biotech/biotech_4th_floor/fourth_floor_fume_hood_lab_spaces/lab_403_control/hoodvalve_flow,#biotech/biotech_4th_floor/fourth_floor_fume_hood_lab_spaces/lab_403_control/hood_sash,,,#biotech/biotech_4th_floor/fourth_floor_fume_hood_lab_spaces/lab_403_control/zone/zone_temp/trend_log,#biotech/ground_flr_mech/building_hydronic_heating_syatems/reheat_heat_exchanger/oat,,,,,,,,,,,,,,,
biotech,1,403B,4,biotech_main,#biotech/biotech_4th_floor/fourth_floor_fume_hood_lab_spaces/lab_403b_control/hoodvalve_flow,#biotech/biotech_4th_floor/fourth_floor_fume_hood_lab_spaces/lab_403b_control/hood_sash,,,#biotech/biotech_4th_floor/fourth_floor_fume_hood_lab_spaces/lab_403b_control/zone/zone_temp/trend_log,#biotech/ground_flr_mech/building_hydronic_heating_syatems/reheat_heat_exchanger/oat,,,,,,,,,,,,,,,
biotech,1,409,4,biotech_main,#biotech/biotech_4th_floor/fourth_floor_fume_hood_lab_spaces/lab_409_control/hoodvalve_flow,#biotech/biotech_4th_floor/fourth_floor_fume_hood_lab_spaces/lab_409_control/hood_sash,,,#biotech/biotech_4th_floor/fourth_floor_fume_hood_lab_spaces/lab_409_control/zone/zone_temp/trend_log,#biotech/ground_flr_mech/building_hydronic_heating_syatems/reheat_heat_exchanger/oat,,,,,,,,,,,,,,,
biotech,1,409B,4,biotech_main,#biotech/biotech_4th_floor/fourth_floor_fume_hood_lab_spaces/lab_409b_control/hoodvalve_flow,#biotech/biotech_4th_floor/fourth_floor_fume_hood_lab_spaces/lab_409b_control/hood_sash,,,#biotech/biotech_4th_floor/fourth_floor_fume_hood_lab_spaces/lab_409b_control/zone/zone_temp/trend_log,#biotech/ground_flr_mech/building_hydronic_heating_syatems/reheat_heat_exchanger/oat,,,,,,,,,,,,,,,
biotech,1,417,4,biotech_main,#biotech/biotech_4th_floor/fourth_floor_fume_hood_lab_spaces/lab_417_control/hoodvalve_flow,#biotech/biotech_4th_floor/fourth_floor_fume_hood_lab_spaces/lab_417_control/hood_sash,,,#biotech/biotech_4th_floor/fourth_floor_fume_hood_lab_spaces/lab_417_control/zone/zone_temp/trend_log,#biotech/ground_flr_mech/building_hydronic_heating_syatems/reheat_heat_exchanger/oat,,,,,,,,,,,,,,,
biotech,1,417B,4,biotech_main,#biotech/biotech_4th_floor/fourth_floor_fume_hood_lab_spaces/lab_417b_control/hoodvalve_flow,#biotech/biotech_4th_floor/fourth_floor_fume_hood_lab_spaces/lab_417b_control/hood_sash,,,#biotech/biotech_4th_floor/fourth_floor_fume_hood_lab_spaces/lab_417b_control/zone/zone_temp/trend_log,#biotech/ground_flr_mech/building_hydronic_heating_syatems/reheat_heat_exchanger/oat,,,,,,,,,,,,,,,
biotech,1,418,4,biotech_main,#biotech/biotech_4th_floor/fourth_floor_fume_hood_lab_spaces/lab_418_control/hoodvalve_flow,#biotech/biotech_4th_floor/fourth_floor_fume_hood_lab_spaces/lab_418_control/hood_sash,,,#biotech/biotech_4th_floor/fourth_floor_fume_hood_lab_spaces/lab_418_control/zone/zone_temp/trend_log,#biotech/ground_flr_mech/building_hydronic_heating_syatems/reheat_heat_exchanger/oat,,,,,,,,,,,,,,,
biotech,1,421,4,biotech_main,#biotech/biotech_4th_floor/fourth_floor_fume_hood_lab_spaces/lab_421_control/hoodvalve_flow,#biotech/biotech_4th_floor/fourth_floor_fume_hood_lab_spaces/lab_421_control/hood_sash,,,#biotech/biotech_4th_floor/fourth_floor_fume_hood_lab_spaces/lab_421_control/zone/zone_temp/trend_log,#biotech/ground_flr_mech/building_hydronic_heating_syatems/reheat_heat_exchanger/oat,,,,,,,,,,,,,,,
biotech,1,421B,4,biotech_main,#biotech/biotech_4th_floor/fourth_floor_fume_hood_lab_spaces/lab_421b_control/hoodvalve_flow,#biotech/biotech_4th_floor/fourth_floor_fume_hood_lab_spaces/lab_421b_control/hood_sash,,,#biotech/biotech_4th_floor/fourth_floor_fume_hood_lab_spaces/lab_421b_control/zone/zone_temp/trend_log,#biotech/ground_flr_mech/building_hydronic_heating_syatems/reheat_heat_exchanger/oat,,,,,,,,,,,,,,,
biotech,1,427B,4,biotech_main,#biotech/biotech_4th_floor/fourth_floor_fume_hood_lab_spaces/lab_427b_control/hoodvalve_flow,#biotech/biotech_4th_floor/fourth_floor_fume_hood_lab_spaces/lab_427b_control/hood_sash,,,#biotech/biotech_4th_floor/fourth_floor_fume_hood_lab_spaces/lab_427b_control/zone/zone_temp/trend_log,#biotech/ground_flr_mech/building_hydronic_heating_syatems/reheat_heat_exchanger/oat,,,,,,,,,,,,,,,
biotech,1,433,4,biotech_main,#biotech/biotech_4th_floor/fourth_floor_fume_hood_lab_spaces/lab_433_control/hoodvalve_flow,#biotech/biotech_4th_floor/fourth_floor_fume_hood_lab_spaces/lab_433_control/hood_sash,,,#biotech/biotech_4th_floor/fourth_floor_fume_hood_lab_spaces/lab_433_control/zone/zone_temp/trend_log,#biotech/ground_flr_mech/building_hydronic_heating_syatems/reheat_heat_exchanger/oat,,,,,,,,,,,,,,,
biotech,1,433B,4,biotech_main,#biotech/biotech_4th_floor/fourth_floor_fume_hood_lab_spaces/lab_433b_control/hoodvalve_flow,#biotech/biotech_4th_floor/fourth_floor_fume_hood_lab_spaces/lab_433b_control/hood_sash,,,#biotech/biotech_4th_floor/fourth_floor_fume_hood_lab_spaces/lab_433b_control/zone/zone_temp/trend_log,#biotech/ground_flr_mech/building_hydronic_heating_syatems/reheat_heat_exchanger/oat,,,,,,,,,,,,,,,
biotech,1,441,4,biotech_main,#biotech/biotech_4th_floor/fourth_floor_fume_hood_lab_spaces/lab_441_control/hoodvalve_flow,#biotech/biotech_4th_floor/fourth_floor_fume_hood_lab_spaces/lab_441_control/hood_sash,,,#biotech/biotech_4th_floor/fourth_floor_fume_hood_lab_spaces/lab_441_control/zone/zone_temp/trend_log,#biotech/ground_flr_mech/building_hydronic_heating_syatems/reheat_heat_exchanger/oat,,,,,,,,,,,,,,,
biotech,1,441B,4,biotech_main,#biotech/biotech_4th_floor/fourth_floor_fume_hood_lab_spaces/lab_441b_control/hoodvalve_flow,#biotech/biotech_4th_floor/fourth_floor_fume_hood_lab_spaces/lab_441b_control/hood_sash,,,#biotech/biotech_4th_floor/fourth_floor_fume_hood_lab_spaces/lab_441b_control/zone/zone_temp/trend_log,#biotech/ground_flr_mech/building_hydronic_heating_syatems/reheat_heat_exchanger/oat,,,,,,,,,,,,,,,
biotech,1,445,4,biotech_main,#biotech/biotech_4th_floor/fourth_floor_fume_hood_lab_spaces/lab_445_control/hoodvalve_flow,#biotech/biotech_4th_floor/fourth_floor_fume_hood_lab_spaces/lab_445_control/hood_sash,,,#biotech/biotech_4th_floor/fourth_floor_fume_hood_lab_spaces/lab_445_control/zone/zone_temp/trend_log,#biotech/ground_flr_mech/building_hydronic_heating_syatems/reheat_heat_exchanger/oat,,,,,,,,,,,,,,,
biotech,1,445B,4,biotech_main,#biotech/biotech_4th_floor/fourth_floor_fume_hood_lab_spaces/lab_445b_control/hoodvalve_flow,#biotech/biotech_4th_floor/fourth_floor_fume_hood_lab_spaces/lab_445b_control/hood_sash,,,#biotech/biotech_4th_floor/fourth_floor_fume_hood_lab_spaces/lab_445b_control/zone/zone_temp/trend_log,#biotech/ground_flr_mech/building_hydronic_heating_syatems/reheat_heat_exchanger/oat,,,,,,,,,,,,,,,
biotech,1,453,4,biotech_main,#biotech/biotech_4th_floor/fourth_floor_fume_hood_lab_spaces/lab_453_control/hoodvalve_flow,#biotech/biotech_4th_floor/fourth_floor_fume_hood_lab_spaces/lab_453_control/hood_sash,,,#biotech/biotech_4th_floor/fourth_floor_fume_hood_lab_spaces/lab_453_control/zone/zone_temp/trend_log,#biotech/ground_flr_mech/building_hydronic_heating_syatems/reheat_heat_exchanger/oat,,,,,,,,,,,,,,,
biotech,1,453B,4,biotech_main,#biotech/biotech_4th_floor/fourth_floor_fume_hood_lab_spaces/lab_453b_control/hoodvalve_flow,#biotech/biotech_4th_floor/fourth_floor_fume_hood_lab_spaces/lab_453b_control/hood_sash,,,#biotech/biotech_4th_floor/fourth_floor_fume_hood_lab_spaces/lab_453b_control/zone/zone_temp/trend_log,#biotech/ground_flr_mech/building_hydronic_heating_syatems/reheat_heat_exchanger/oat,,,,,,,,,,,,,,,
biotech,1,457,4,biotech_main,#biotech/biotech_4th_floor/fourth_floor_fume_hood_lab_spaces/lab_457_control/hoodvalve_flow,#biotech/biotech_4th_floor/fourth_floor_fume_hood_lab_spaces/lab_457_control/hood_sash,,,#biotech/biotech_4th_floor/fourth_floor_fume_hood_lab_spaces/lab_457_control/zone/zone_temp/trend_log,#biotech/ground_flr_mech/building_hydronic_heating_syatems/reheat_heat_exchanger/oat,,,,,,,,,,,,,,,
biotech,1,457B,4,biotech_main,#biotech/biotech_4th_floor/fourth_floor_fume_hood_lab_spaces/lab_457b_control/hoodvalve_flow,#biotech/biotech_4th_floor/fourth_floor_fume_hood_lab_spaces/lab_457b_control/hood_sash,,,#biotech/biotech_4th_floor/fourth_floor_fume_hood_lab_spaces/lab_457b_control/zone/zone_temp/trend_log,#biotech/ground_flr_mech/building_hydronic_heating_syatems/reheat_heat_exchanger/oat,,,,,,,,,,,,,,,
olin,1,B01,B,biotech_main,,,,,#area17/lab_b01_control/m001,,,,,,,,,,,,,,,,
olin,1,B02,B,biotech_main,#olin_basement/lab_spaces/lab_b02_control/vavhoodvlv_flow,,,,#olin_basement/lab_spaces/lab_b02_control/zone/zone_temp,,,,,,,,,,,,,,,,
olin,1,B05-1,B,biotech_main,#olin_basement/lab_spaces/lab_b05-1_control/hoodvalve_flow,,,,#olin_basement/lab_spaces/lab_b05-1_control/zone/zone_temp,,,,,,,,,,,,,,,,
olin,2,B05-2,B,biotech_main,#olin_basement/lab_spaces/lab_b05-2_control/hoodvalve_flow,,,,#olin_basement/lab_spaces/lab_b05-2_control/zone/zone_temp,,,,,,,,,,,,,,,,
olin,1,B06,B,biotech_main,#olin_basement/lab_spaces/lab_b06_control/hoodvalve_flow,#olin_basement/lab_spaces/lab_b06_control/hood_sash,,,#olin_basement/lab_spaces/lab_b06_control/zone/zone_temp,,,,,,,,,,,,,,,,
olin,1,101,1,biotech_main,#olin_first_floor/lab_spaces/lab_101_control/hoodvalve_flow,,,,#olin_first_floor/lab_spaces/lab_101_control/zone/zone_temp,,,,,,,,,,,,,,,,
olin,1,102,1,biotech_main,#olin_first_floor/lab_spaces/lab_102_control/hoodvalve_flow,,,,#olin_first_floor/lab_spaces/lab_102_control/zone/zone_temp,,,,,,,,,,,,,,,,
olin,1,103,1,biotech_main,#olin_first_floor/lab_spaces/lab_103_control/fh-1_flow_fbk,#olin_first_floor/lab_spaces/lab_103_control/fh-1_sash_pos,,,#olin_first_floor/lab_spaces/lab_103_control/zone_temp,,,,,,,,,,,,,,,,
olin,1,104,1,biotech_main,#olin_first_floor/lab_spaces/lab_104_control/hoodvalve_flow_av,,,,#olin_first_floor/lab_spaces/lab_104_control/zone/zone_temp,,,,,,,,,,,,,,,,
olin,1,105,1,biotech_main,#olin_first_floor/lab_spaces/lab_105_control/fh-1_flow_fbk,#olin_first_floor/lab_spaces/lab_105_control/fh-1_sash_pos,,,#olin_first_floor/lab_spaces/lab_105_control/zone_temp,,,,,,,,,,,,,,,,
olin,1,106,1,biotech_main,#olin_first_floor/lab_spaces/lab_106_control/hoodvalve_flow_av,,,,#olin_first_floor/lab_spaces/lab_106_control/zone/zone_temp,,,,,,,,,,,,,,,,
olin,1,107,1,biotech_main,,#olin_first_floor/lab_spaces/lab_107_control/fh1_sash_pos,,,#olin_first_floor/lab_spaces/lab_107_control/lstat/zone_temp,,,,,,,,,,,,,,,,
olin,2,107,1,biotech_main,,#olin_first_floor/lab_spaces/lab_107_control/fh2_sash_pos,,,#olin_first_floor/lab_spaces/lab_107_control/lstat/zone_temp,,,,,,,,,,,,,,,,
olin,1,108,1,biotech_main,#olin_first_floor/lab_spaces/lab_108_control/hoodvalve_flow_av,,,,#olin_first_floor/lab_spaces/lab_108_control/zone/zone_temp,,,,,,,,,,,,,,,,
olin,1,110,1,biotech_main,#olin_first_floor/lab_spaces/lab_110_control/hoodvalve_flow,,,,#olin_first_floor/lab_spaces/lab_110_control/zone/zone_temp,,,,,,,,,,,,,,,,
olin,1,111,1,biotech_main,,#olin_lab_111_control/fh1_sash_pos,,,#olin_lab_111_control/zone_temp,,,,,,,,,,,,,,,,
olin,1,202,2,biotech_main,#olin_second_floor/lab_spaces/lab_202_control/hoodvalve_flow,,,,#olin_second_floor/lab_spaces/lab_202_control/zone/zone_temp,,,,,,,,,,,,,,,,
olin,1,203,2,biotech_main,#olin_second_floor/lab_spaces/lab_203_control/hoodvalve_flow,,,,#olin_second_floor/lab_spaces/lab_203_control/zone/zone_temp,,,,,,,,,,,,,,,,
olin,1,204,2,biotech_main,#olin_second_floor/lab_spaces/lab_204_control/hoodvalve_flow_av,,,,#olin_second_floor/lab_spaces/lab_204_control/zonetemp,,,,,,,,,,,,,,,,
olin,1,205,2,biotech_main,#olin_second_floor/lab_spaces/lab_205_control/hoodvalve_flow,,,,#olin_second_floor/lab_spaces/lab_205_control/zone/zone_temp,,,,,,,,,,,,,,,,
olin,1,207,2,biotech_main,#olin_second_floor/lab_spaces/lab_207_control/hoodvalve_flow,,,,#olin_second_floor/lab_spaces/lab_207_control/zone/zone_temp,,,,,,,,,,,,,,,,
olin,1,209,2,biotech_main,#olin_second_floor/lab_spaces/lab_209_control/hoodvalve_flow,,,,#olin_second_floor/lab_spaces/lab_209_control/zone/zone_temp,,,,,,,,,,,,,,,,
olin,1,210,2,biotech_main,#olin_second_floor/lab_spaces/lab_210_control/hoodvalve_flow,,,,#olin_second_floor/lab_spaces/lab_210_control/zone/zone_temp,,,,,,,,,,,,,,,,
olin,1,211,2,biotech_main,#olin_second_floor/lab_spaces/lab_211_control/hood_flow,,,,#olin_second_floor/lab_spaces/lab_211_control/zone/zone_temp,,,,,,,,,,,,,,,,
olin,1,212,2,biotech_main,#olin_second_floor/lab_spaces/lab_212_control/hoodvalve_flow,,,,#olin_second_floor/lab_spaces/lab_212_control/zone/zone_temp,,,,,,,,,,,,,,,,
olin,1,276,2,biotech_main,#olinhhall_lab_276/fh-1_flow_fbk,#olinhhall_lab_276/fh-1_sash_pos,,,#olinhhall_lab_276/zone_temp,,,,,,,,,,,,,,,,
olin,2,276,2,biotech_main,#olinhhall_lab_276/fh-2_flow_fb,#olinhhall_lab_276/fh-2_sash_pos,,,#olinhhall_lab_276/zone_temp,,,,,,,,,,,,,,,,
olin,3,276,2,biotech_main,#olinhhall_lab_276/fh-3_flow_fbk,#olinhhall_lab_276/fh-3_sash_pos,,,#olinhhall_lab_276/zone_temp,,,,,,,,,,,,,,,,
olin,4,276,2,biotech_main,#olinhhall_lab_276/fh-4_flow_fbk,#olinhhall_lab_276/fh-4_sash_pos,,,#olinhhall_lab_276/zone_temp,,,,,,,,,,,,,,,,
olin,5,276,2,biotech_main,#olinhhall_lab_276/fh-5_flow_fbk,#olinhhall_lab_276/fh-5_sash_pos,,,#olinhhall_lab_276/zone_temp,,,,,,,,,,,,,,,,
olin,6,276,2,biotech_main,#olinhhall_lab_276/fh-6_flow_fbk,#olinhhall_lab_276/fh-6_sash_pos,,,#olinhhall_lab_276/zone_temp,,,,,,,,,,,,,,,,
olin,1,276D,2,biotech_main,#olinhhall_lab_276d/fh-1_flow_fbk,#olinhhall_lab_276d/fh-1_sash_pos,,,#olinhhall_lab_276d/zone_temp,,,,,,,,,,,,,,,,
olin,2,276D,2,biotech_main,#olinhhall_lab_276d/fh-2_flow_fbk,#olinhhall_lab_276d/fh-2_sash_pos,,,#olinhhall_lab_276d/zone_temp,,,,,,,,,,,,,,,,
olin,1,301,3,biotech_main,,,,,#olin_third_floor/lab_spaces/lab_301_control/zone/zone_temp,,,,,,,,,,,,,,,,
olin,1,303,3,biotech_main,#olin_third_floor/lab_spaces/lab_303_control/hoodvalve_flow,,,,#olin_third_floor/lab_spaces/lab_303_control/zone/zone_temp,,,,,,,,,,,,,,,,
olin,1,304-1,3,biotech_main,,,,,#olin_third_floor/lab_spaces/lab_304-1_control/zone/zone_temp,,,,,,,,,,,,,,,,
olin,1,304-2,3,biotech_main,#olin_third_floor/lab_spaces/lab_304-2_control/hood_flow,,,,#olin_third_floor/lab_spaces/lab_304-2_control/zone/zone_temp,,,,,,,,,,,,,,,,
olin,1,305,3,biotech_main,#olin_third_floor/lab_spaces/lab_305_control/hoodvalve_flow,,,,#olin_third_floor/lab_spaces/lab_305_control/zone/zone_temp,,,,,,,,,,,,,,,,
olin,1,306,3,biotech_main,#olin_third_floor/lab_spaces/lab_306_control/hoodvalve_flow,,,,#olin_third_floor/lab_spaces/lab_306_control/zone/zone_temp,,,,,,,,,,,,,,,,
olin,1,307,3,biotech_main,#olin_third_floor/lab_spaces/lab_307_control/hoodvalve_flow,,,,#olin_third_floor/lab_spaces/lab_307_control/zone/zone_temp,,,,,,,,,,,,,,,,
olin,1,308,3,biotech_main,#olin_third_floor/lab_spaces/lab_308_control/hood_flow,,,,#olin_third_floor/lab_spaces/lab_308_control/zone/zone_temp,,,,,,,,,,,,,,,,
olin,1,309,3,biotech_main,#olin_third_floor/lab_spaces/lab_309_control/hoodvalve_flow,,,,#olin_third_floor/lab_spaces/lab_309_control/zone/zone_temp,,,,,,,,,,,,,,,,
olin,1,310,3,biotech_main,#olin_third_floor/lab_spaces/lab_310_control/hoodvalve_flow,,,,#olin_third_floor/lab_spaces/lab_310_control/zone/zone_temp,,,,,,,,,,,,,,,,
olin,1,311,3,biotech_main,#olin_third_floor/lab_spaces/lab_311_control/hoodvalve_flow,,,,#olin_third_floor/lab_spaces/lab_311_control/zone/zone_temp,,,,,,,,,,,,,,,,
olin,1,367,3,biotech_main,#olinhhall_lab_367/fh-1_flow_fbk,#olinhhall_lab_367/fh-1_sash_pos,,,#olinhhall_lab_367/zone_temp,,,,,,,,,,,,,,,,
olin,2,367,3,biotech_main,#olinhhall_lab_367/fh-2_flow_fbk,#olinhhall_lab_367/fh-2_sash_pos,,,#olinhhall_lab_367/zone_temp,,,,,,,,,,,,,,,,
olin,3,367,3,biotech_main,#olinhhall_lab_367/fh-3_flow_fbk,#olinhhall_lab_367/fh-3_sash_pos,,,#olinhhall_lab_367/zone_temp,,,,,,,,,,,,,,,,
olin,4,367,3,biotech_main,#olinhhall_lab_367/fh-4_flow_fbk,#olinhhall_lab_367/fh-4_sash_pos,,,#olinhhall_lab_367/zone_temp,,,,,,,,,,,,,,,,
olin,1,367D,3,biotech_main,#olinhhall_lab_367d/fh-1_flow_fbk,#olinhhall_lab_367d/fh-1_sash_pos,,,#olinhhall_lab_367d/zone_temp,,,,,,,,,,,,,,,,
olin,1,367F,3,biotech_main,#olinhhall_lab_367f/fh-1_flow_fbk,#olinhhall_lab_367f/fh-1_sash_pos,,,#olinhhall_lab_367f/zone_temp,,,,,,,,,,,,,,,,
bard,1,B44A,B,biotech_main,#bard_hall_lab_b44_accutrol/fh-1_flow_fbk,#bard_hall_lab_b44_accutrol/fh-1_sash_pos,,,,,,,,,,,,,,,,,,,
bard,1,B47,B,biotech_main,#bard_lab_b47/fh-1_flow_fbk,#bard_lab_b47/fh-1_sash_pos,,,#bard_lab_b47/zone_temp,,,,,,,,,,,,,,,,
bard,1,B58,B,biotech_main,#bard_lab_b58/hev_flow_fbk,#bard_lab_b58/fh_sash_pos,,,#bard_lab_b58/lstat,,,,,,,,,,,,,,,,
bard,2,B58,B,biotech_main,#bard_lab_b58/ada_hev_flow_fbk,#bard_lab_b58/ada_fh_sash_pos,,,#bard_lab_b58/lstat,,,,,,,,,,,,,,,,
bard,1,SB28,S,biotech_main,#bard_lab_sb28/fh-1_flow_fbk,#bard_lab_sb28/fh-1_sash_pos,,,#bard_lab_sb28/zone_temp,,,,,,,,,,,,,,,,
bard,2,SB28,S,biotech_main,#bard_lab_sb28/fh-2_flow_fbk,#bard_lab_sb28/fh-2_sash_pos,,,#bard_lab_sb28/zone_temp,,,,,,,,,,,,,,,,
bard,3,SB38,S,biotech_main,#bard_lab_sb28/fh-3_flow_fbk,#bard_lab_sb28/fh-3_sash_pos,,,#bard_lab_sb28/zone_temp,,,,,,,,,,,,,,,,
bard,1,SB36,S,biotech_main,#bard_sb36_sav_fev/fh-1_flow_fbk,#bard_sb36_sav_fev/fh-1_sash_pos,,,#bard_sb36_sav_fev/zone_temp,,,,,,,,,,,,,,,,
bard,1,SB40,S,biotech_main,#bard_sb40_sav_fev/fh-1_flow_fbk,#bard_sb40_sav_fev/fh-1_sash_pos,,,#bard_sb40_sav_fev/zone_temp,,,,,,,,,,,,,,,,
bard,1,SB60,S,biotech_main,#bard_lab_sb60/fh-1_flow_fbk,#bard_lab_sb60/fh-1_sash_pos,,,#bard_lab_sb60/zone_temp,,,,,,,,,,,,,,,,
bard,2,SB60,S,biotech_main,#bard_lab_sb60/fh-2_flow_fbk,#bard_lab_sb60/fh-2_sash_pos,,,#bard_lab_sb60/zone_temp,,,,,,,,,,,,,,,,
bard,3,SB60,S,biotech_main,#bard_lab_sb60/fh-3_flow_fbk,#bard_lab_sb60/fh-3_sash_pos,,,#bard_lab_sb60/zone_temp,,,,,,,,,,,,,,,,
bard,4,SB60,S,biotech_main,#bard_lab_sb60/fh-4_flow_fbk,#bard_lab_sb60/fh-4_sash_pos,,,#bard_lab_sb60/zone_temp,,,,,,,,,,,,,,,,
bard,5,SB60,S,biotech_main,#bard_lab_sb60/fh-5_flow_fbk,#bard_lab_sb60/fh-5_sash_pos,,,#bard_lab_sb60/zone_temp,,,,,,,,,,,,,,,,
bard,6,SB60,S,biotech_main,#bard_lab_sb60/fh-6_flow_fbk,#bard_lab_sb60/fh-6_sash_pos,,,#bard_lab_sb60/zone_temp,,,,,,,,,,,,,,,,
bard,1,131,1,biotech_main,#bard_lab_131/fh-1_flow_fbk,#bard_lab_131/fh-1_sash_pos,,,#bard_lab_131/zone_temp,,,,,,,,,,,,,,,,
bard,2,131,1,biotech_main,#bard_lab_131/fh-2_flow_fbk,#bard_lab_131/fh-2_sash_pos,,,#bard_lab_131/zone_temp,,,,,,,,,,,,,,,,
bard,1,150,1,biotech_main,#bard_lab_150/fh-1_flow_fbk,#bard_lab_150/fh-1_sash_pos,,,#bard_lab_150/zone_temp,,,,,,,,,,,,,,,,
bard,2,150,1,biotech_main,#bard_lab_150/fh-2_flow_fbk,#bard_lab_150/fh-2_sash_pos,,,#bard_lab_150/zone_temp,,,,,,,,,,,,,,,,
bard,3,150,1,biotech_main,#bard_lab_150/fh-3_flow_fbk,#bard_lab_150/fh-3_sash_pos,,,#bard_lab_150/zone_temp,,,,,,,,,,,,,,,,
bard,4,150,1,biotech_main,#bard_lab_150/fh-4_flow_fbk,#bard_lab_150/fh-4_sash_pos,,,#bard_lab_150/zone_temp,,,,,,,,,,,,,,,,
bard,5,150,1,biotech_main,#bard_lab_150/fh-5_flow_fbk,#bard_lab_150/fh-5_sash_pos,,,#bard_lab_150/zone_temp,,,,,,,,,,,,,,,,
bard,1,156,1,biotech_main,#bard_lab_156/fh-1_flow_fbk,#bard_lab_156/fh-1_sash_pos,,,#bard_lab_156/zone_temp,,,,,,,,,,,,,,,,
bard,1,247,2,biotech_main,#bard_lab_247/sav-2_flow_fbk,#bard_lab_247/fh-1_sash_pos,,,#bard_lab_247/zone_temp,,,,,,,,,,,,,,,,
bard,2,247,2,biotech_main,#bard_lab_247/fh-2_flow_fbk,#bard_lab_247/fh-2_sash_pos,,,#bard_lab_247/zone_temp,,,,,,,,,,,,,,,,
bard,1,250,2,biotech_main,#bard_lab_250/fh-1_flow_fbk,#bard_lab_250/fh-1_sash_pos,,,#bard_lab_250/zone_temp,,,,,,,,,,,,,,,,
bard,1,258,2,biotech_main,#bard_lab_258-258a/fh-1_flow_fbk,#bard_lab_258-258a/fh-1_sash_pos,,,#bard_lab_258-258a/zone_temp,,,,,,,,,,,,,,,,
bard,1,344,3,biotech_main,#bard_lab_344/fh-1_flow_fbk,#bard_lab_344/fh-2_sash_pos,,,#bard_lab_344/zone_temp,,,,,,,,,,,,,,,,
bard,2,344,3,biotech_main,#bard_lab_344/fh-2_flow_fbk,#bard_lab_344/fh-2_sash_pos,,,#bard_lab_344/zone_temp,,,,,,,,,,,,,,,,
bard,1,347,3,biotech_main,#bard_lab_345_347/fh-1_flow_fbk,#bard_lab_345_347/fh-1_sash_pos,,,#bard_lab_345_347/zone_temp,,,,,,,,,,,,,,,,
bard,1,350,3,biotech_main,#bard_lab_350/fh-1_flow_fbk,#bard_lab_350/fh-1_sash_pos,,,#bard_lab_350/zone_temp,,,,,,,,,,,,,,,,
bard,2,350,3,biotech_main,#bard_lab_350/fh-2_flow_fbk,#bard_lab_350/fh-2_sash_pos,,,#bard_lab_350/zone_temp,,,,,,,,,,,,,,,,
bard,3,350,3,biotech_main,#bard_lab_350/fh-3_flow_fbk,#bard_lab_350/fh-3_sash_pos,,,#bard_lab_350/zone_temp,,,,,,,,,,,,,,,,
bard,4,350,3,biotech_main,#bard_lab_350/fh-4_flow_fbk,#bard_lab_350/fh-4_sash_pos,,,#bard_lab_350/zone_temp,,,,,,,,,,,,,,,,
bard,1,359,3,biotech_main,#bard_lab_359/fh-1_flow_fbk,#bard_lab_359/fh-1_sash_pos,,,#bard_lab_359/zone_temp,,,,,,,,,,,,,,,,
bard,2,359,3,biotech_main,#bard_lab_359/fh-2_flow_fbk,#bard_lab_359/fh-2_sash_pos,,,#bard_lab_359/zone_temp,,,,,,,,,,,,,,,,
bard,3,359,3,biotech_main,#bard_lab_359/fh-3_flow_fbk,#bard_lab_359/fh-3_sash_pos,,,#bard_lab_359/zone_temp,,,,,,,,,,,,,,,,
bard,4,359,3,biotech_main,#bard_lab_359/fh-4_flow_fbk,#bard_lab_359/fh-4_sash_pos,,,#bard_lab_359/zone_temp,,,,,,,,,,,,,,,,
bard,1,361,3,biotech_main,#bard_lab_361/fh-1_flow_fbk,#bard_lab_361/fh-1_sash_pos,,,#bard_lab_361/zone_temp,,,,,,,,,,,,,,,,
bard,1,356,3,biotech_main,#bard_hall_lab_356/fh-1_flow_fbk,#bard_hall_lab_356/fh-1_sash_pos,,,#bard_hall_lab_356/zone_temp,,,,,,,,,,,,,,,,
bard,2,356,3,biotech_main,#bard_hall_lab_356/fh-2_flow_fbk,#bard_hall_lab_356/fh-2_sash_pos,,,#bard_hall_lab_356/zone_temp,,,,,,,,,,,,,,,,
bard,3,356,3,biotech_main,#bard_hall_lab_356/fh-3_flow_fbk,#bard_hall_lab_356/fh-3_sash_pos,,,#bard_hall_lab_356/zone_temp,,,,,,,,,,,,,,,,
weill,1,B05A,B,weill_main,#b-5a/hev_flow_fbk,#b-5a/fh_sash_pos,,,#b-5a/ctrl,,,,,,,,,,,,,,,,
weill,1,B07A,B,weill_main,#lstb_b-07_north/hev_flow_fbk,#lstb_b-07_north/fh_sash_pos,,,#lstb_b-07_north/lstat/zone_temp,,,,,,,,,,,,,,,,
weill,1,B07D,B,weill_main,#lstb_b-07d/hev_flow_fbk,#lstb_b-07d/fh_sash_pos,,,#lstb_b-07d/lstat/zone_temp,,,,,,,,,,,,,,,,
weill,1,B25,B,weill_main,#weillhall_lab_b25/hev_flow_fbk,#weillhall_lab_b25/fh_sash_pos,,,#weillhall_lab_b25/zone_temp,,,,,,,,,,,,,,,,
weill,1,B36,B,weill_main,#b-36/hev_flow_fbk,#b-36/fh_sash_pos,,,#b-36/ctrl,,,,,,,,,,,,,,,,
weill,1,B54,B,weill_main,#b-54/hev_flow_fbk,#b-54/fh_sash_pos,,,#b-54/ctrl,,,,,,,,,,,,,,,,
weill,1,B60,B,weill_main,#b-60/hev_flow_fbk,#b-60/fh_sash_pos,,,#b-60/ctrl,,,,,,,,,,,,,,,,
weill,1,140,1,weill_main,#weill_hall_140_140a/fh-1_flow_fbk,#weill_hall_140_140a/fh-1_sash_pos,,,#weill_hall_140_140a/zone_temp,,,,,,,,,,,,,,,,
weill,2,140,1,weill_main,#weill_hall_140_140a/fh-2_flow_fbk,#weill_hall_140_140a/fh-2_sash_pos,,,#weill_hall_140_140a/zone_temp,,,,,,,,,,,,,,,,
weill,3,140,1,weill_main,#weill_hall_140_140a/fh-3_flow_fbk,#weill_hall_140_140a/fh-3_sash_pos,,,#weill_hall_140_140a/zone_temp,,,,,,,,,,,,,,,,
weill,4,140,1,weill_main,#weill_hall_140_140a/fh-4_flow_fbk,#weill_hall_140_140a/fh-4_sash_pos,,,#weill_hall_140_140a/zone_temp,,,,,,,,,,,,,,,,
weill,5,140,1,weill_main,#weill_hall_140_140a/fh-5_flow_fbk,#weill_hall_140_140a/fh-5_sash_pos,,,#weill_hall_140_140a/zone_temp,,,,,,,,,,,,,,,,
weill,6,140,1,weill_main,#weill_hall_140_140a/fh-6_flow_fbk,#weill_hall_140_140a/fh-6_sash_pos,,,#weill_hall_140_140a/zone_temp,,,,,,,,,,,,,,,,
weill,1,160,1,weill_main,#1-60/hev_flow_fbk,#1-60/fh_sash_pos,,,#1-60/ctrl,,,,,,,,,,,,,,,,
weill,1,252,2,weill_main,#2-52/hev_flow_fbk,#2-52/fh_sash_pos,,,#2-52/ctrl,,,,,,,,,,,,,,,,
weill,1,308,3,weill_main,#lstb_lab_308/hev_flow_fbk,#lstb_lab_308/fh_sash_pos,,,#lstb_lab_308/lstat/zone_temp,,,,,,,,,,,,,,,,
weill,1,134A,1,weill_main,#1-34a/hev_flow_fbk,#1-34a/fh_sash_pos,,,#1-34a/ctrl,,,,,,,,,,,,,,,,
weill,1,134B,1,weill_main,,,,,,,,,,,,,,,,,,,,,
weill,1,148B-01,1,weill_main,#1-48b/hev1_flow_fbk,#1-48b/fh_sash_pos,,,#1-48b/ctrl,,,,,,,,,,,,,,,,
weill,2,148B-02,1,weill_main,#1-48b/hev2_flow_fbk,#1-48b/fh2_sash_pos,,,#1-48b/ctrl,,,,,,,,,,,,,,,,
weill,3,148B-03,1,weill_main,#1-48b/hev3_flow_fbk,#1-48b/fh3_sash_pos,,,#1-48b/ctrl,,,,,,,,,,,,,,,,
weill,1,148A,1,weill_main,#1-48a/hev_flow_fbk,#1-48a/fh_sash_pos,,,#1-48a/ctrl,,,,,,,,,,,,,,,,
weill,1,156A,1,weill_main,#1-56a/hev_flow_fbk,#1-56a/fh_sash_pos,,,#1-56a/ctrl,,,,,,,,,,,,,,,,
weill,1,164A,1,weill_main,#1-64a/hev_flow_fbk,#1-64a/fh_sash_pos,,,#1-64a/ctrl,,,,,,,,,,,,,,,,
weill,1,202A,2,weill_main,#2-2a_phx-13/hev_flow_fbk,#2-2a_phx-13/fh_sash_pos,,,#2-2a_phx-13/ctr,,,,,,,,,,,,,,,,
weill,1,218A,2,weill_main,#2-18a/hev_flow_fbk,#2-18a/fh_sash_pos,,,#2-18a/ctrl,,,,,,,,,,,,,,,,
weill,1,234A,2,weill_main,#2-34a/hev_flow_fbk,#2-34a/fh_sash_pos,,,#2-34a/ctrl,,,,,,,,,,,,,,,,
weill,1,238C,2,weill_main,#2-38c/hev_flow_fbk,#2-38c/fh_sash_pos,,,#2-38c/ctrl,,,,,,,,,,,,,,,,
weill,1,240,2,weill_main,#2-40/hev_flow_fbk,#2-40/fh_sash_pos,,,#2-40/ctrl,,,,,,,,,,,,,,,,
weill,1,240A,2,weill_main,#2-40a/hev_flow_fbk,#2-40a/fh_sash_pos,,,#2-40a/ctrl,,,,,,,,,,,,,,,,
weill,1,248A,2,weill_main,#2-48a/hev_flow_fbk,#2-48a/fh_sash_pos,,,#2-48a/ctrl,,,,,,,,,,,,,,,,
weill,1,252A,2,weill_main,#2-52a/hev_flow_fbk,#2-52a/fh_sash_pos,,,#2-52a/ctrl,,,,,,,,,,,,,,,,
weill,1,256A,2,weill_main,,,,,#2-56a/ctrl,,,,,,,,,,,,,,,,
weill,1,260,2,weill_main,#2-60/hev_flow_fbk,#2-60/fh_sash_pos,,,#2-60/ctrl,,,,,,,,,,,,,,,,
weill,1,264B,2,weill_main,#2-64a/hev_flow_fbk,#2-64a/fh_sash_pos,,,#2-64a/ctrl,,,,,,,,,,,,,,,,
weill,1,309B,3,weill_main,#3-9b/hev_flow_fbk,#3-9b/fh_sash_pos,,,#3-9b/ctrl,,,,,,,,,,,,,,,,
weill,1,310B,3,weill_main,#3-10b/hev_flow_fbk,#3-10b/fh_sash_pos,,,#3-10b/ctrl,,,,,,,,,,,,,,,,
weill,1,313B,3,weill_main,#3-13b/hev_flow_fbk,#3-13b/fh_sash_pos,,,#3-13b/ctrl,,,,,,,,,,,,,,,,
weill,1,314B,3,weill_main,#3-14b/hev_flow_fbk,#3-14b/fh_sash_pos,,,#3-14b/ctrl,,,,,,,,,,,,,,,,
weill,1,334A,3,weill_main,#3-34a/hev_flow_fbk,#3-34a/fh_sash_pos,,,#3-34a/ctrl,,,,,,,,,,,,,,,,
weill,1,338C,3,weill_main,#3-38c/hev_flow_fbk,#3-38c/fh_sash_pos,,,#3-38c/ctrl,,,,,,,,,,,,,,,,
weill,1,340,3,weill_main,#3-40/hev_flow_fbk,#3-40/fh_sash_pos,,,#3-40/ctrl,,,,,,,,,,,,,,,,
weill,1,340A,3,weill_main,#3-40a/hev_flow_fbk,#3-40a/fh_sash_pos,,,#3-40a/ctrl,,,,,,,,,,,,,,,,
weill,1,348A,3,weill_main,#3-48a/hev_flow_fbk,#3-48a/fh_sash_pos,,,#3-48a/ctrl,,,,,,,,,,,,,,,,
weill,1,352,3,weill_main,#3-52/hev_flow_fbk,#3-52/fh_sash_pos,,,#3-52/ctrl,,,,,,,,,,,,,,,,
weill,1,352B,3,weill_main,#3-52/hev2_flow_fbk,#3-52/fh2_sash_pos,,,#3-52/ctrl,,,,,,,,,,,,,,,,
weill,1,360,3,weill_main,#3-60/hev_flow_fbk,#3-60/fh_sash_pos,,,#3-60/ctrl,,,,,,,,,,,,,,,,
weill,1,364A,3,weill_main,#3-64a/hev_flow_fbk,#3-64a/fh_sash_pos,,,#3-64a/ctrl,,,,,,,,,,,,,,,,
weill,1,409B,4,weill_main,#4-9b/hev_flow_fbk,#4-9b/fh_sash_pos,,,#4-9b/ctrl,,,,,,,,,,,,,,,,
weill,1,410B,4,weill_main,#4-10b/hev_flow_fbk,#4-10b/fh_sash_pos,,,#4-10b/ctrl,,,,,,,,,,,,,,,,
weill,1,413B,4,weill_main,#4-13b/hev_flow_fbk,#4-13b/fh_sash_pos,,,#4-13b/ctrl,,,,,,,,,,,,,,,,
weill,1,414B,4,weill_main,#4-14b/hev_flow_fbk,#4-14b/fh_sash_pos,,,#4-14b/ctrl,,,,,,,,,,,,,,,,
weill,1,434A,4,weill_main,#4-34a/hev_flow_fbk,#4-34a/fh_sash_pos,,,#4-34a/ctrl,,,,,,,,,,,,,,,,
weill,1,438A,4,weill_main,#4-38a/hev_flow_fbk,#4-38a/fh_sash_pos,,,#4-38a/ctrl,,,,,,,,,,,,,,,,
weill,1,440,4,weill_main,#4-40_phx-60/sat,#4-40_phx-60/fh_sash_pos,,,#4-40_phx-60/ctrl,,,,,,,,,,,,,,,,
weill,1,444B,4,weill_main,#4-44b/hev_flow_fbk,#4-44b/fh_sash_pos,,,#4-44b/ctrl,,,,,,,,,,,,,,,,
weill,1,448C,4,weill_main,#4-48c/hev_flow_fbk,#4-48c/fh_sash_pos,,,#4-48c/ctrl,,,,,,,,,,,,,,,,
weill,1,452,4,weill_main,#4-52/hev_flow_fbk,#4-52/fh_sash_pos,,,#4-52/ctrl,,,,,,,,,,,,,,,,
weill,1,452B,4,weill_main,#4-52/hev2_flow_fbk,#4-52/fh2_sash_pos,,,#4-52/ctrl,,,,,,,,,,,,,,,,
weill,1,460,4,weill_main,#4-60b/hev_flow_fbk,#4-60b/fh_sash_pos,,,#4-60b/ctrl,,,,,,,,,,,,,,,,
weill,1,464B,4,weill_main,#4-64a_phx-106/hev_flow_fbk,#4-64a_phx-106/fh_sash_pos,,,#4-64a_phx-106/ctrl,,,,,,,,,,,,,,,,
wilson lab_101 floor_1 hood_1,wilson,101,1,1,DEV:2085008,#wilson_neh_lab101_airflow/fh-1_flow_fbk,#wilson_neh_lab101_airflow/fh-1_sash_pos,AI:12
wilson lab_183 floor_1 hood_1,wilson,183,1,1,DEV:2085506,#wilson_neh_183_airvlvs/fh-1_flow_fbk,#wilson_neh_183_airvlvs/fh-1_sash_pos,AI:2
wilson lab_183 floor_1 hood_2,wilson,183,1,2,DEV:2085506,#wilson_neh_183_airvlvs/fh-2_flow_fbk,#wilson_neh_183_airvlvs/fh-2_sash_pos,AI:4
wing lab_305 floor_3 hood_1,wing,305,3,1,DEV:1042137,#lab_305/hood_flow,#lab_305/sash,AI:5
wing lab_306 floor_3 hood_1,wing,306,3,1,DEV:1042135,#lab_306/hood_flow,#lab_306/sash,AI:5
wing lab_216 floor_2 hood_1,wing,216,2,1,DEV:1042144,,#rm_216_east/sash_sw,BI:1
wing lab_208 floor_2 hood_1,wing,208,2,1,DEV:1042128,#lab_208/hood_flow,#lab_208/sash,AI:5
wing lab_205 floor_2 hood_1,wing,205,2,1,DEV:1042126,#lab_205/hood_flow,#lab_205/sash,AI:5
wing lab_101 floor_1 hood_1,wing,101,1,1,DEV:1042120,#lab_101/hood_flow,#lab_101/sash,AI:5
wing lab_B05 floor_B hood_1,wing,B05,B,1,DEV:1042105,#lab_b05/hood_flow,#lab_b05/sash,AI:5
wing lab_358 floor_3 hood_1,wing,358,3,1,DEV:1042325,#lab_358/hood_flow,#lab_358/sash,AI:5
wing lab_359 floor_3 hood_1,wing,359,3,1,DEV:1042332,#lab_359/hood_flow,#lab_359/sash,AI:5
wing lab_257 floor_2 hood_1,wing,257,2,1,DEV:1042316,#lab_257/hood_flow,#lab_257/sash,AI:5
wing lab_260 floor_2 hood_1,wing,260,2,1,DEV:1042311,#rm_260/hood_flow,#rm_260/sash,AI:5
wing lab_261 floor_2 hood_1,wing,261,2,1,DEV:1042313,#lab_261/hood_flow,#lab_261/sash,AI:5
wing lab_270 floor_2 hood_1,wing,270,2,1,DEV:1042323,#lab_270/hood_flow,#lab_270/sash,AI:5
wing lab_270A floor_2 hood_1,wing,270A,2,1,DEV:1042322,#lab_270a/hood_flow,#lab_270a/sash,AI:5
wing lab_156 floor_1 hood_1,wing,156,1,1,DEV:1042231,#lab_156/hood_flow,#lab_156/sash,AI:5
wing lab_175 floor_1 hood_1,wing,175,1,1,DEV:1042239,#lab_175/hood_flow,#lab_175/sash,AI:5
wing lab_B52 floor_B hood_1,wing,B52,B,1,DEV:1042207,#lab_b52/hood_flow,#lab_b52/sash,AI:5
wing lab_B53 floor_B hood_1,wing,B53,B,1,DEV:1042215,#lab_b53/hood_flow,#lab_b53/sash,AI:5
wing lab_B56 floor_B hood_1,wing,B56,B,1,DEV:1042210,#lab_b56/hood_flow,#lab_b56/sash,AI:5
wing lab_B57 floor_B hood_1,wing,B57,B,1,DEV:1042211,#lab_b57/hood_flow,#lab_b57/sash,AI:5
wing lab_B75 floor_B hood_1,wing,B75,B,1,DEV:1042221,#lab_b75/hood_flow,#lab_b75/sash,AI:5
wing lab_B76 floor_B hood_1,wing,B76,B,1,DEV:1042222,#lab_b76/hood_flow,#lab_b76/sash,AI:5
,wing,,,1,DEV:1042002,,,
plant_science lab_G09 floor_G hood_1,plant_science,G09,G,1,DEV:1022231,,#plant_science_lab_g09_sav_eav_fh/fh1_sash_pos,AI:2
plant_science lab_102B floor_1 hood_1,plant_science,102B,1,1,DEV:1022236,,#plant_science_lab_102b_sav_fh/fh1_sash_pos,AI:1
,plant_science,,,1,DEV:1022128,,,
vet_medical_center lab_C11 floor_C hood_1,vet_medical_center,C11,C,1,DEV:35430,#vmc_c1105d/fh-1_flow_fbk,#vmc_c1105d/fh-1_sash_pos,AI:2
vet_medical_center lab_C31 floor_C hood_1,vet_medical_center,C31,C,1,DEV:36608,#c3174/fh-1_flow_fbk,#c3174/fh-1_sash_pos,AI:4
vet_medical_center lab_C31 floor_C hood_2,vet_medical_center,C31,C,2,DEV:36608,#c3174/fh-2_flow_fbk,#c3174/fh-2_sash_pos,AI:6
vet_medical_center lab_C41 floor_C hood_1,vet_medical_center,C41,C,1,DEV:37108,#vmc_c4134/fh-1_flow_fbk,#vmc_c4134/fh-1_sash_pos,AI:6
upson lab_272 floor_2 hood_1,upson,272,2,1,DEV:52134,#upsonhall_lab_272_airflow/fh-1_flow_fbk,#upsonhall_lab_272_airflow/fh-1_sash_pos,AI:4
upson lab_362 floor_3 hood_1,upson,362,3,1,DEV:52624,#upsonhall_362_lab_airflow/fh-1_flow_fbk,#upsonhall_362_lab_airflow/fh-1_sash_pos,AI:4
upson lab_366 floor_3 hood_1,upson,366,3,1,DEV:52625,#upsonhall_366_lab_airflow/fh-1_flow_fbk,#upsonhall_366_lab_airflow/fh-1_sash_pos,AI:4
upson lab_354 floor_3 hood_1,upson,354,3,1,DEV:52604,#upsonhall_354_vavs_vavgex_and_fhv/fh-1_flow_fbk,#upsonhall_354_vavs_vavgex_and_fhv/fh-1_sash_pos,AI:4
upson lab_442B floor_4 hood_1,upson,442B,4,1,DEV:53134,#upsonhall_442b_lab_control/fh-1_flow_fbk,#upsonhall_442b_lab_control/fh-1_sash_pos,AI:4
upson lab_472 floor_4 hood_1,upson,472,4,1,DEV:53121,#upsonhall_472_fcu-1_fcu-2/fh-1_flow_fbk,#upsonhall_472_fcu-1_fcu-2/fh-1_sash_pos,AI:8
upson lab_458 floor_4 hood_1,upson,458,4,1,DEV:53105,#upson_lab_458_airflow/fh-1_flow_fbk,#upson_lab_458_airflow/fh-1_sash_pos,AI:8
duffield lab_313 floor_3 hood_1,duffield,313,3,1,DEV:22125,#duffield_lab_313-old/fh-1_flow_fbk,#duffield_lab_313-old/fh-1_sash_pos,AI:2
duffield lab_324 floor_3 hood_1,duffield,324,3,1,DEV:2000014,#lduffield_324/fh-1_flow_fbk,#lduffield_324/fh-1_sash_pos,AI:4
duffield lab_327 floor_3 hood_1,duffield,327,3,1,DEV:22113,#duffield_hall/third_floor/ahu-1_vavs/lab_327/lab_327/fh-1_flow_fbk,#duffield_hall/third_floor/ahu-1_vavs/lab_327/lab_327/fh-1_sash_pos,AI:4
duffield lab_327 floor_3 hood_2,duffield,327,3,2,DEV:22113,#duffield_hall/third_floor/ahu-1_vavs/lab_327/lab_327/fh-2_flow_fbk,#duffield_hall/third_floor/ahu-1_vavs/lab_327/lab_327/fh-2_sash_pos,AI:6
duffield lab_328 floor_3 hood_2,duffield,328,3,2,DEV:22237,,#duffield_hall/third_floor/ahu-1_vavs/lab_328/lab_328/fh2_sash_pos,AI:2
duffield lab_328 floor_3 hood_1,duffield,328,3,1,DEV:22237,,#duffield_hall/third_floor/ahu-1_vavs/lab_328/lab_328/fh_sash_pos,AI:3
duffield lab_330 floor_3 hood_1,duffield,330,3,1,DEV:22234,#duffield_lab_330/fh-1_flow_fbk,#duffield_lab_330/fh-1_sash_pos,AI:8
duffield lab_331 floor_3 hood_2,duffield,331,3,2,DEV:22114,,#duffield_hall/third_floor/ahu-1_vavs/lab_331/lab_331/fh2_sash_pos,AI:2
duffield lab_331 floor_3 hood_1,duffield,331,3,1,DEV:22114,,#duffield_hall/third_floor/ahu-1_vavs/lab_331/lab_331/fh_sash_pos,AI:4
duffield lab_331A floor_3 hood_1,duffield,331A,3,1,DEV:22114,,#lab_331a_laser_lab/fh_sash_pos,AI:24
duffield lab_307 floor_3 hood_1,duffield,307,3,1,DEV:22106,,#duffield_lab_307309/fh-1_sash_pos,AI:3
duffield lab_307 floor_3 hood_2,duffield,307,3,2,DEV:22106,,#duffield_lab_307309/fh-2_sash_pos,AI:4
duffield lab_202 floor_2 hood_1,duffield,202,2,1,DEV:22519,,#duffield_hall/second_floor/ahu-1_vavs/lab_202/vav-1/fh_sash_pos,AI:2
duffield lab_207 floor_2 hood_1,duffield,207,2,1,DEV:22413,#duffield_hall/second_floor/ahu-1_vavs/lab_207/lab_207/fh-1_flow_fbk,#duffield_hall/second_floor/ahu-1_vavs/lab_207/lab_207/fh-1_sash_pos,AI:4
duffield lab_207 floor_2 hood_2,duffield,207,2,2,DEV:22413,#duffield_hall/second_floor/ahu-1_vavs/lab_207/lab_207/fh-2_flow_fbk,#duffield_hall/second_floor/ahu-1_vavs/lab_207/lab_207/fh-2_sash_pos,AI:6
duffield lab_208 floor_2 hood_1,duffield,208,2,1,DEV:22521,,#lab_208_sav_eav_and_fh/fh_sash_pos,AI:2
duffield lab_209 floor_2 hood_2,duffield,209,2,2,DEV:22412,,#duffield_hall/second_floor/ahu-1_vavs/lab_209/lab_209/fh2_sash_pos,AI:2
duffield lab_209 floor_2 hood_1,duffield,209,2,1,DEV:22412,,#duffield_hall/second_floor/ahu-1_vavs/lab_209/lab_209/fh_sash_pos,AI:3
duffield lab_212 floor_2 hood_2,duffield,212,2,2,DEV:22524,,#duffield_hall/second_floor/ahu-1_vavs/lab_212/lab_212/fh2_sash_pos,AI:2
duffield lab_212 floor_2 hood_1,duffield,212,2,1,DEV:22524,,#duffield_hall/second_floor/ahu-1_vavs/lab_212/lab_212/fh_sash_pos,AI:3
duffield lab_216 floor_2 hood_1,duffield,216,2,1,DEV:22525,,#duffield_hall/second_floor/ahu-1_vavs/lab_216/vav-16/fh_sash_pos,AI:2
duffield lab_224 floor_2 hood_1,duffield,224,2,1,DEV:2000015,#duffield_lab_224/fh-1_flow_fbk,#duffield_lab_224/fh-1_sash_pos,AI:4
duffield lab_227 floor_2 hood_1,duffield,227,2,1,DEV:22418,#duffield_hall/second_floor/ahu-1_vavs/lab_227/lab_227/fh-1_flow_fbk,#duffield_hall/second_floor/ahu-1_vavs/lab_227/lab_227/fh-1_sash_pos,AI:3
duffield lab_227 floor_2 hood_2,duffield,227,2,2,DEV:22418,#duffield_hall/second_floor/ahu-1_vavs/lab_227/lab_227/fh-2_flow_fbk,#duffield_hall/second_floor/ahu-1_vavs/lab_227/lab_227/fh-2_sash_pos,AI:4
duffield lab_227 floor_2 hood_3,duffield,227,2,3,DEV:22418,#duffield_hall/second_floor/ahu-1_vavs/lab_227/lab_227/fh-3_flow_fbk,#duffield_hall/second_floor/ahu-1_vavs/lab_227/lab_227/fh-3_sash_pos,AI:7
duffield lab_227 floor_2 hood_4,duffield,227,2,4,DEV:22418,#duffield_hall/second_floor/ahu-1_vavs/lab_227/lab_227/fh-4_flow_fbk,#duffield_hall/second_floor/ahu-1_vavs/lab_227/lab_227/fh-4_sash_pos,AI:6
duffield lab_231 floor_2 hood_2,duffield,231,2,2,DEV:22419,,#duffield_hall/second_floor/ahu-1_vavs/lab_231/lab_231/fh2_sash_pos,AI:2
duffield lab_231 floor_2 hood_1,duffield,231,2,1,DEV:22419,,#duffield_hall/second_floor/ahu-1_vavs/lab_231/lab_231/fh_sash_pos,AI:3
duffield lab_234 floor_2 hood_2,duffield,234,2,2,DEV:22535,,#duffield_hall/second_floor/ahu-1_vavs/lab_234/lab_234/fh2_sash_pos,AI:2
duffield lab_234 floor_2 hood_1,duffield,234,2,1,DEV:22535,,#duffield_hall/second_floor/ahu-1_vavs/lab_234/lab_234/fh_sash_pos,AI:3
duffield lab_238 floor_2 hood_1,duffield,238,2,1,DEV:22536,,#duffield_hall/second_floor/ahu-1_vavs/lab_238/lab_238/fh_sash_pos,AI:2
snee lab_315 floor_3 hood_1,snee,315,3,1,DEV:2049406,#snee_lab-3158/hev_flow_fbk,#snee_lab-3158/fh_sash_pos,AI:3
snee lab_414 floor_4 hood_1,snee,414,4,1,DEV:2049304,#snee_lab-4146/hev_flow_fbk,#snee_lab-4146/fh_sash_pos,AI:3
clark lab_173 floor_1 hood_1,clark,173,1,1,DEV:2082012,#lab_173_of683xt-e2/fh-1_flow_fbk,#lab_173_of683xt-e2/fh-1_sash_pos,AI:8
clark lab_183 floor_1 hood_1,clark,183,1,1,DEV:2082014,#lab_183_of683xt-e2/fh-1_flow_fbk,#lab_183_of683xt-e2/fh-1_sash_pos,AI:6
clark lab_BE02 floor_BE hood_1,clark,BE02,BE,1,DEV:44202,#clark_be02a_lab_airflow/fh-1_flow_fbk,#clark_be02a_lab_airflow/fh-1_sash_pos,AI:6
clark lab_BE08 floor_BE hood_1,clark,BE08,BE,1,DEV:2082009,#clarkhall_lab_be08_hvac/fh-1_flow_fbk,#clarkhall_lab_be08_hvac/fh-1_sash_pos,AI:6
clark lab_BE08 floor_BE hood_2,clark,BE08,BE,2,DEV:2082009,#clarkhall_lab_be08_hvac/fh-2_flow_fbk,#clarkhall_lab_be08_hvac/fh-2_sash_pos,AI:8
clark lab_BD12 floor_BD hood_1,clark,BD12,BD,1,DEV:2082006,#clarkhall_lab_bd12_hvac/fh-1_flow_fbk,#clarkhall_lab_bd12_hvac/fh-1_sash_pos,AI:5
clark lab_C08 floor_C hood_1,clark,C08,C,1,DEV:44228,,#clark_lab_c08/fh-1_sash_pos,AI:1
clark lab_BF-14 floor_BF hood_1,clark,BF-14,BF,1,DEV:44213,#clark_lab_bf-14/fh-1_flow_fbk,#clark_lab_bf-14/fh-1_sash_pos,AI:4
olin lab_B06 floor_B hood_1,olin,B06,B,1,DEV:2024141,,#olin_basement/lab_spaces/lab_b06_control/hood_sash,AI:4
olin lab_103 floor_1 hood_1,olin,103,1,1,DEV:2024126,#olin_first_floor/lab_spaces/lab_103_control/fh-1_flow_fbk,#olin_first_floor/lab_spaces/lab_103_control/fh-1_sash_pos,AI:4
olin lab_105 floor_1 hood_1,olin,105,1,1,DEV:2024128,#olin_first_floor/lab_spaces/lab_105_control/fh-1_flow_fbk,#olin_first_floor/lab_spaces/lab_105_control/fh-1_sash_pos,AI:4
olin lab_276 floor_2 hood_1,olin,276,2,1,DEV:2024805,#olinhall_lab_276/fh-1_flow_fbk,#olinhall_lab_276/fh-1_sash_pos,AI:21
olin lab_276 floor_2 hood_2,olin,276,2,2,DEV:2024805,#olinhall_lab_276/fh-2_flow_fbk,#olinhall_lab_276/fh-2_sash_pos,AI:23
olin lab_276 floor_2 hood_4,olin,276,2,4,DEV:2024805,#olinhall_lab_276/fh-4_flow_fbk,#olinhall_lab_276/fh-4_sash_pos,AI:15
olin lab_276 floor_2 hood_5,olin,276,2,5,DEV:2024805,#olinhall_lab_276/fh-5_flow_fbk,#olinhall_lab_276/fh-5_sash_pos,AI:17
olin lab_276 floor_2 hood_6,olin,276,2,6,DEV:2024805,#olinhall_lab_276/fh-6_flow_fbk,#olinhall_lab_276/fh-6_sash_pos,AI:19
olin lab_276 floor_2 hood_3,olin,276,2,3,DEV:2024805,#olinhall_lab_276/fh-3_flow_fbk,#olinhall_lab_276/fh-3_sash_pos,AI:25
olin lab_276D floor_2 hood_1,olin,276D,2,1,DEV:2024801,#olinhall_lab_276d/fh-1_flow_fbk,#olinhall_lab_276d/fh-1_sash_pos,AI:6
olin lab_276D floor_2 hood_2,olin,276D,2,2,DEV:2024801,#olinhall_lab_276d/fh-2_flow_fbk,#olinhall_lab_276d/fh-2_sash_pos,AI:8
olin lab_367 floor_3 hood_1,olin,367,3,1,DEV:2024906,#olinhall_lab_367/fh-1_flow_fbk,#olinhall_lab_367/fh-1_sash_pos,AI:9
olin lab_367 floor_3 hood_2,olin,367,3,2,DEV:2024906,#olinhall_lab_367/fh-2_flow_fbk,#olinhall_lab_367/fh-2_sash_pos,AI:11
olin lab_367 floor_3 hood_3,olin,367,3,3,DEV:2024906,#olinhall_lab_367/fh-3_flow_fbk,#olinhall_lab_367/fh-3_sash_pos,AI:13
olin lab_367 floor_3 hood_4,olin,367,3,4,DEV:2024906,#olinhall_lab_367/fh-4_flow_fbk,#olinhall_lab_367/fh-4_sash_pos,AI:15
olin lab_367D floor_3 hood_1,olin,367D,3,1,DEV:2024901,#olinhall_lab_367d/fh-1_flow_fbk,#olinhall_lab_367d/fh-1_sash_pos,AI:4
olin lab_367F floor_3 hood_1,olin,367F,3,1,DEV:2024905,#olinhall_lab_367f/fh-1_flow_fbk,#olinhall_lab_367f/fh-1_sash_pos,AI:3
mann_library lab_405 floor_4 hood_1,mann_library,405,4,1,DEV:1027220,#mann_phoenix_lab_405/fume_hood1,#mann_phoenix_lab_405/sash_position2,AV:19
mann_library lab_405A floor_4 hood_1,mann_library,405A,4,1,DEV:1027222,#mann_phoenix_lab_405a/fume_hood,#mann_phoenix_lab_405a/sash_position,AV:8
mann_library lab_406 floor_4 hood_1,mann_library,406,4,1,DEV:1027224,#mann_phoenix_lab_406/fume_hood,#mann_phoenix_lab_406/sash_position,AV:12
mann_library lab_408A floor_4 hood_1,mann_library,408A,4,1,DEV:1027229,#mann_phoenix_lab_408a/fume_hood,#mann_phoenix_lab_408a/sash_position,AV:12
mann_library lab_410 floor_4 hood_1,mann_library,410,4,1,DEV:1027232,#mann_phoenix_lab_410/fume_hood,#mann_phoenix_lab_410/sash_position,AV:8
mann_library lab_420 floor_4 hood_1,mann_library,420,4,1,DEV:1027237,#mann_phoenix_lab_420/fume_hood,#mann_phoenix_lab_420/sash_position,AV:8
mann_library lab_420B floor_4 hood_1,mann_library,420B,4,1,DEV:1027240,#mann_phoenix_lab_420b/fume_hood,#mann_phoenix_lab_420b/sash_position,AV:8
mann_library lab_502 floor_5 hood_1,mann_library,502,5,1,DEV:1027216,#mann_phoenix_lab_502/fume_hood,#mann_phoenix_lab_502/sash_position,AV:8
mann_library lab_506 floor_5 hood_1,mann_library,506,5,1,DEV:1027212,#mann_phoenix_lab_506/fume_hood,#mann_phoenix_lab_506/sash_position,AV:8
mann_library lab_512 floor_5 hood_1,mann_library,512,5,1,DEV:1027208,#mann_phoenix_lab_512/fume_hood,#mann_phoenix_lab_512/sash_position,AV:8
uris lab_109 floor_1 hood_1,uris,109,1,1,DEV:2087306,#urishall_lab_109/fh-1_flow_fbk,#urishall_lab_109/fh-1_sash_pos,AI:4
bard lab_356 floor_3 hood_1,bard,356,3,1,DEV:86509,#bard_hall_lab_356/fh-1_flow_fbk,#bard_hall_lab_356/fh-1_sash_pos,AI:7
bard lab_356 floor_3 hood_2,bard,356,3,2,DEV:86509,#bard_hall_lab_356/fh-2_flow_fbk,#bard_hall_lab_356/fh-2_sash_pos,AI:9
bard lab_356 floor_3 hood_3,bard,356,3,3,DEV:86509,#bard_hall_lab_356/fh-3_flow_fbk,#bard_hall_lab_356/fh-3_sash_pos,AI:11
bard lab_344 floor_3 hood_1,bard,344,3,1,DEV:86512,#bard_lab_344/fh-1_flow_fbk,#bard_lab_344/fh-1_sash_pos,AI:2
bard lab_344 floor_3 hood_2,bard,344,3,2,DEV:86512,#bard_lab_344/fh-2_flow_fbk,#bard_lab_344/fh-2_sash_pos,AI:4
bard lab_345 floor_3 hood_1,bard,345,3,1,DEV:86511,#bard_lab_345_347/fh-1_flow_fbk,#bard_lab_345_347/fh-1_sash_pos,AI:6
bard lab_350 floor_3 hood_1,bard,350,3,1,DEV:86510,#bard_lab_350/fh-1_flow_fbk,#bard_lab_350/fh-1_sash_pos,AI:3
bard lab_350 floor_3 hood_2,bard,350,3,2,DEV:86510,#bard_lab_350/fh-2_flow_fbk,#bard_lab_350/fh-2_sash_pos,AI:5
bard lab_350 floor_3 hood_3,bard,350,3,3,DEV:86510,#bard_lab_350/fh-3_flow_fbk,#bard_lab_350/fh-3_sash_pos,AI:1
bard lab_350 floor_3 hood_4,bard,350,3,4,DEV:86510,#bard_lab_350/fh-4_flow_fbk,#bard_lab_350/fh-4_sash_pos,AI:7
bard lab_359 floor_3 hood_1,bard,359,3,1,DEV:86508,#bard_lab_359/fh-1_flow_fbk,#bard_lab_359/fh-1_sash_pos,AI:2
bard lab_359 floor_3 hood_2,bard,359,3,2,DEV:86508,#bard_lab_359/fh-2_flow_fbk,#bard_lab_359/fh-2_sash_pos,AI:4
bard lab_359 floor_3 hood_3,bard,359,3,3,DEV:86508,#bard_lab_359/fh-3_flow_fbk,#bard_lab_359/fh-3_sash_pos,AI:6
bard lab_359 floor_3 hood_4,bard,359,3,4,DEV:86508,#bard_lab_359/fh-4_flow_fbk,#bard_lab_359/fh-4_sash_pos,AI:8
bard lab_361 floor_3 hood_1,bard,361,3,1,DEV:86507,#bard_lab_361/fh-1_flow_fbk,#bard_lab_361/fh-1_sash_pos,AI:2
bard lab_247 floor_2 hood_1,bard,247,2,1,DEV:86412,#bard_lab_247/fh-1_flow_fbk,#bard_lab_247/fh-1_sash_pos,AI:2
bard lab_247 floor_2 hood_2,bard,247,2,2,DEV:86412,#bard_lab_247/fh-2_flow_fbk,#bard_lab_247/fh-2_sash_pos,AI:4
bard lab_250 floor_2 hood_1,bard,250,2,1,DEV:86411,#bard_lab_250/fh-1_flow_fbk,#bard_lab_250/fh-1_sash_pos,AI:2
bard lab_258 floor_2 hood_1,bard,258,2,1,DEV:86407,#bard_lab_258-258a/fh-1_flow_fbk,#bard_lab_258-258a/fh-1_sash_pos,AI:5
bard lab_160 floor_1 hood_1,bard,160,1,1,DEV:86303,#bard_lab_131/fh-1_flow_fbk,#bard_lab_131/fh-1_sash_pos,AI:5
bard lab_160 floor_1 hood_2,bard,160,1,2,DEV:86303,#bard_lab_131/fh-2_flow_fbk,#bard_lab_131/fh-2_sash_pos,AI:7
bard lab_156 floor_1 hood_1,bard,156,1,1,DEV:86306,#bard_lab_156/fh-1_flow_fbk,#bard_lab_156/fh-1_sash_pos,AI:7
bard lab_150 floor_1 hood_1,bard,150,1,1,DEV:86307,#bard_lab_150/fh-1_flow_fbk,#bard_lab_150/fh-1_sash_pos,AI:2
bard lab_150 floor_1 hood_2,bard,150,1,2,DEV:86307,#bard_lab_150/fh-2_flow_fbk,#bard_lab_150/fh-2_sash_pos,AI:4
bard lab_150 floor_1 hood_3,bard,150,1,3,DEV:86307,#bard_lab_150/fh-3_flow_fbk,#bard_lab_150/fh-3_sash_pos,AI:6
bard lab_150 floor_1 hood_4,bard,150,1,4,DEV:86307,#bard_lab_150/fh-4_flow_fbk,#bard_lab_150/fh-4_sash_pos,AI:8
bard lab_150 floor_1 hood_5,bard,150,1,5,DEV:86307,#bard_lab_150/fh-5_flow_fbk,#bard_lab_150/fh-5_sash_pos,AI:10
bard lab_B44A floor_B hood_1,bard,B44A,B,1,DEV:2070406,#bard_hall_lab_b44_accutrol/fh-1_flow_fbk,#bard_hall_lab_b44_accutrol/fh-1_sash_pos,AI:7
bard lab_B47 floor_B hood_1,bard,B47,B,1,DEV:86203,#bard_lab_b47/fh-1_flow_fbk,#bard_lab_b47/fh-1_sash_pos,AI:2
bard lab_SB28 floor_SB hood_1,bard,SB28,SB,1,DEV:2070005,#bard_lab_sb28/fh-1_flow_fbk,#bard_lab_sb28/fh-1_sash_pos,AI:4
bard lab_SB28 floor_SB hood_2,bard,SB28,SB,2,DEV:2070005,#bard_lab_sb28/fh-2_flow_fbk,#bard_lab_sb28/fh-2_sash_pos,AI:6
bard lab_SB28 floor_SB hood_3,bard,SB28,SB,3,DEV:2070005,#bard_lab_sb28/fh-3_flow_fbk,#bard_lab_sb28/fh-3_sash_pos,AI:8
bard lab_SB36 floor_SB hood_1,bard,SB36,SB,1,DEV:86119,#bard_sb36_sav_fev/fh-1_flow_fbk,#bard_sb36_sav_fev/fh-1_sash_pos,AI:2
bard lab_SB38 floor_SB hood_1,bard,SB38,SB,1,DEV:86116,#bard_sb38savfev/fh-1_flow_fbk,#bard_sb38savfev/fh-1_sash_pos,AI:2
bard lab_SB40 floor_SB hood_1,bard,SB40,SB,1,DEV:86115,#bard_sb40_sav_fev/fh-1_flow_fbk,#bard_sb40_sav_fev/fh-1_sash_pos,AI:2
bard lab_SB60 floor_SB hood_1,bard,SB60,SB,1,DEV:2070006,#bard_lab_sb60/fh-1_flow_fbk,#bard_lab_sb60/fh-1_sash_pos,AI:2
bard lab_SB60 floor_SB hood_2,bard,SB60,SB,2,DEV:2070006,#bard_lab_sb60/fh-2_flow_fbk,#bard_lab_sb60/fh-2_sash_pos,AI:4
bard lab_SB60 floor_SB hood_4,bard,SB60,SB,4,DEV:2070006,#bard_lab_sb60/fh-4_flow_fbk,#bard_lab_sb60/fh-4_sash_pos,AI:6
bard lab_SB60 floor_SB hood_5,bard,SB60,SB,5,DEV:2070006,#bard_lab_sb60/fh-5_flow_fbk,#bard_lab_sb60/fh-5_sash_pos,AI:8
bard lab_SB60 floor_SB hood_6,bard,SB60,SB,6,DEV:2070006,#bard_lab_sb60/fh-6_flow_fbk,#bard_lab_sb60/fh-6_sash_pos,AI:10
bard lab_SB60 floor_SB hood_3,bard,SB60,SB,3,DEV:2070006,#bard_lab_sb60/fh-3_flow_fbk,#bard_lab_sb60/fh-3_sash_pos,AI:12
weill lab_B-07 floor_B hood_1,weill,B-07,B,1,DEV:17324,#lstb_b-07_south/fh-1_flow_fbk,#lstb_b-07_north/fh_sash_pos,AI:2
,weill,,,1,DEV:17314,,,
weill lab_B19 floor_B hood_1,weill,B19,B,1,DEV:14032,#weillhall_lab_b19_of683xt-e2/fh-1_flow_fbk,,
weill lab_B25 floor_B hood_1,weill,B25,B,1,DEV:14035,#weillhall_lab_b25_of683xt-e2/fh-1_flow_fbk,,
weill lab_B-36 floor_B hood_1,weill,B-36,B,1,DEV:17230,,#b-36/fh_sash_pos,AI:1
weill lab_B-54 floor_B hood_1,weill,B-54,B,1,DEV:17431,,#b-54/fh_sash_pos,AI:1
weill lab_B-60 floor_B hood_1,weill,B-60,B,1,DEV:17433,,#b-60/fh_sash_pos,AI:1
weill lab_HX-17 floor_HX hood_1,weill,HX-17,HX,1,DEV:14626,,#1-48a/fh_sash_pos,AI:1
weill lab_HX-56 floor_HX hood_1,weill,HX-56,HX,1,DEV:14627,,#1-48b/fh_sash_pos,AI:1
weill lab_140 floor_1 hood_1,weill,140,1,1,DEV:14636,#weill_hall_140_140a/fh-1_flow_fbk,,
weill lab_140 floor_1 hood_2,weill,140,1,2,DEV:14636,#weill_hall_140_140a/fh-2_flow_fbk,,
weill lab_140 floor_1 hood_4,weill,140,1,4,DEV:14636,#weill_hall_140_140a/fh-4_flow_fbk,,
weill lab_140 floor_1 hood_5,weill,140,1,5,DEV:14636,#weill_hall_140_140a/fh-5_flow_fbk,,
weill lab_140 floor_1 hood_6,weill,140,1,6,DEV:14636,#weill_hall_140_140a/fh-6_flow_fbk,,
weill lab_140 floor_1 hood_3,weill,140,1,3,DEV:14636,#weill_hall_140_140a/fh-3_flow_fbk,,
weill lab_HX-25 floor_HX hood_1,weill,HX-25,HX,1,DEV:14624,,#1-56a/fh_sash_pos,AI:1
weill lab_HX-68 floor_HX hood_1,weill,HX-68,HX,1,DEV:14623,,#1-60/fh_sash_pos,AI:5
weill lab_HX-33 floor_HX hood_1,weill,HX-33,HX,1,DEV:14532,,#1-64a/fh_sash_pos,AI:1
weill lab_HX-13 floor_HX hood_1,weill,HX-13,HX,1,DEV:15322,,#2-2a_phx-13/fh_sash_pos,AI:1
weill lab_HX-12 floor_HX hood_1,weill,HX-12,HX,1,DEV:15130,,#2-38c/fh_sash_pos,AI:1
weill lab_HX-16 floor_HX hood_1,weill,HX-16,HX,1,DEV:15129,,#2-40/fh_sash_pos,AI:1
weill lab_HX-19 floor_HX hood_1,weill,HX-19,HX,1,DEV:15128,,#2-40a/fh_sash_pos,AI:1
weill lab_HX-34 floor_HX hood_1,weill,HX-34,HX,1,DEV:15126,,#2-48a/fh_sash_pos,AI:1
weill lab_HX-41 floor_HX hood_1,weill,HX-41,HX,1,DEV:15124,,#2-52/fh_sash_pos,AI:1
weill lab_HX-40 floor_HX hood_1,weill,HX-40,HX,1,DEV:15125,,#2-52a/fh_sash_pos,AI:1
weill lab_HX-58 floor_HX hood_1,weill,HX-58,HX,1,DEV:15032,,#2-60/fh_sash_pos,AI:1
weill lab_HX-64 floor_HX hood_1,weill,HX-64,HX,1,DEV:15030,,#2-64a/fh_sash_pos,AI:1
weill lab_HX-51 floor_HX hood_1,weill,HX-51,HX,1,DEV:15733,,#3-9b/fh_sash_pos,AI:1
weill lab_HX-11 floor_HX hood_1,weill,HX-11,HX,1,DEV:15732,,#3-10b/fh_sash_pos,AI:1
weill lab_HX-45 floor_HX hood_1,weill,HX-45,HX,1,DEV:15734,,#3-13b/fh_sash_pos,AI:1
weill lab_308 floor_3 hood_1,weill,308,3,1,DEV:15721,,#lstb_lab_308/fh_sash_pos,AI:2
weill lab_HX-46 floor_HX hood_1,weill,HX-46,HX,1,DEV:15630,,#3-34a/fh_sash_pos,AI:1
weill lab_HX-57 floor_HX hood_1,weill,HX-57,HX,1,DEV:15628,,#3-38c/fh_sash_pos,AI:1
weill lab_HX-61 floor_HX hood_1,weill,HX-61,HX,1,DEV:15627,,#3-40/fh_sash_pos,AI:1
weill lab_HX-79 floor_HX hood_1,weill,HX-79,HX,1,DEV:15625,,#3-48a/fh_sash_pos,AI:1
weill lab_HX-86 floor_HX hood_1,weill,HX-86,HX,1,DEV:15623,,#3-52/fh_sash_pos,AI:1
weill lab_HX-10 floor_HX hood_1,weill,HX-10,HX,1,DEV:15530,,#3-60/fh_sash_pos,AI:1
weill lab_HX-52 floor_HX hood_1,weill,HX-52,HX,1,DEV:16236,,#4-9b/fh_sash_pos,AI:1
weill lab_HX-60 floor_HX hood_1,weill,HX-60,HX,1,DEV:16127,,#4-40_phx-60/fh_sash_pos,AI:1
weill lab_HX-69 floor_HX hood_1,weill,HX-69,HX,1,DEV:16124,,#4-44b/fh_sash_pos,AI:1
weill lab_HX-78 floor_HX hood_1,weill,HX-78,HX,1,DEV:16122,,#4-48c/fh_sash_pos,AI:1
weill lab_HX-83 floor_HX hood_1,weill,HX-83,HX,1,DEV:16120,,#4-52/fh_sash_pos,AI:1
hollister lab_160 floor_1 hood_1,hollister,160,1,1,DEV:2046207,#hollister_lab_160/fh-1_flow_fbk,#hollister_lab_160/fh-1_sash_pos,AI:4
hollister lab_160 floor_1 hood_2,hollister,160,1,2,DEV:2046207,#hollister_lab_160/fh-2_flow_fbk,#hollister_lab_160/fh-2_sash_pos,AI:7
hollister lab_166 floor_1 hood_1,hollister,166,1,1,DEV:2046004,#hollister_labs_162_166/fh-1_flow_fbk,#hollister_labs_162_166/fh-1_sash_pos,AI:4
hollister lab_166 floor_1 hood_2,hollister,166,1,2,DEV:2046004,#hollister_labs_162_166/fh-2_flow_fbk,#hollister_labs_162_166/fh-2_sash_pos,AI:6
hollister lab_266 floor_2 hood_1,hollister,266,2,1,DEV:2046301,#hollister_lab_266/fh-1_flow_fbk,#hollister_lab_266/fh-1_sash_pos,AI:6
hollister lab_266 floor_2 hood_2,hollister,266,2,2,DEV:2046301,#hollister_lab_266/fh-2_flow_fbk,#hollister_lab_266/fh-2_sash_pos,AI:4
hollister lab_266 floor_2 hood_3,hollister,266,2,3,DEV:2046301,#hollister_lab_266/fh-3_flow_fbk,#hollister_lab_266/fh-3_sash_pos,AI:11
hollister lab_272 floor_2 hood_1,hollister,272,2,1,DEV:2046302,#hollister_lab_272/fh-1_flow_fbk,#hollister_lab_272/fh-1_sash_pos,AI:2
comstock lab_612 floor_6 hood_1,comstock,612,6,1,DEV:21704,#comstock_lab_6121/fh-1_flow_fbk,#comstock_lab_6121/fh-1_sash_pos,AI:3
comstock lab_211 floor_2 hood_1,comstock,211,2,1,DEV:1081345,#comstock_lab_2111_fh/fh_feedback,#comstock_lab_2111_fh/fh_sash,AI:3
comstock lab_214 floor_2 hood_1,comstock,214,2,1,DEV:1081902,#comstock_2144b/fh_feedback,,
comstock lab_110 floor_1 hood_1,comstock,110,1,1,DEV:1081629,#comstock_lab_1104_fh_gev/fh_feedback,#comstock_lab_1104_fh_gev/fh_sash,AI:3
comstock lab_111 floor_1 hood_1,comstock,111,1,1,DEV:1081626,#comstock_lab_1112_fh_gev/fh_feedback,#comstock_lab_1112_fh_gev/fh_sash,AI:3
comstock lab_112 floor_1 hood_1,comstock,112,1,1,DEV:1081624,#comstock_lab_1120_fh_gev/fh_feedback,#comstock_lab_1120_fh_gev/fh_sash,AI:3
comstock lab_B14 floor_B hood_1,comstock,B14,B,1,DEV:1081519,#comstock_lab_b145_fh/fh_feedback,#comstock_lab_b145_fh/fh_sash,AI:3
bradfield lab_100 floor_1 hood_1,bradfield,100,1,1,DEV:91509,#1003_fex/fex_flow_fbk,,
bradfield lab_101 floor_1 hood_1,bradfield,101,1,1,DEV:91502,#1012_fex/fex_flow_fbk,,
bradfield lab_102 floor_1 hood_1,bradfield,102,1,1,DEV:91503,#1020_fex/fex_flow_fbk,,
,bradfield,,,1,DEV:91512,,,
bradfield lab_901 floor_9 hood_1,bradfield,901,9,1,DEV:91418,#bradfield_901_fex/fex_flow_fbk,,
bradfield lab_902 floor_9 hood_1,bradfield,902,9,1,DEV:91401,#bradfield_902_fex/fex_flow_fbk,,
bradfield lab_911 floor_9 hood_1,bradfield,911,9,1,DEV:91419,#bradfield_911_fex/fex_flow_fbk,,
bradfield lab_913 floor_9 hood_1,bradfield,913,9,1,DEV:91420,#bradfield_913_fex/fex_flow_fbk,,
bradfield lab_914 floor_9 hood_1,bradfield,914,9,1,DEV:91402,#bradfield_914_fex/fex_flow_fbk,,
bradfield lab_916 floor_9 hood_1,bradfield,916,9,1,DEV:91404,#bradfield_916_fex/fex_flow_fbk,,
bradfield lab_801 floor_8 hood_1,bradfield,801,8,1,DEV:91318,#bradfield_fex_801/fex_flow_fbk,,
bradfield lab_802 floor_8 hood_1,bradfield,802,8,1,DEV:91301,#bradfield_fex_802/fex_flow_fbk,,
bradfield lab_805 floor_8 hood_1,bradfield,805,8,1,DEV:91319,#bradfield_fex_805/fex_flow_fbk,,
bradfield lab_809 floor_8 hood_1,bradfield,809,8,1,DEV:91320,#bradfield_fex_809_1/fex_flow_fbk,,
bradfield lab_811 floor_8 hood_1,bradfield,811,8,1,DEV:91322,#bradfield_fex_811/fex_flow_fbk,,
bradfield lab_815 floor_8 hood_1,bradfield,815,8,1,DEV:91323,#bradfield_fex_815/fex_flow_fbk,,
bradfield lab_820 floor_8 hood_1,bradfield,820,8,1,DEV:91304,#copy_of_bradfield_fex_820_1/fex_flow_fbk,,
bradfield lab_822 floor_8 hood_1,bradfield,822,8,1,DEV:91306,#bradfield_fex_822/fex_flow_fbk,,
bradfield lab_703 floor_7 hood_1,bradfield,703,7,1,DEV:91222,#bradfield_703_fex/fex_flow_fbk,,
bradfield lab_704 floor_7 hood_1,bradfield,704,7,1,DEV:91202,#bradfield_714_fex/fex_flow_fbk,,
bradfield lab_710 floor_7 hood_1,bradfield,710,7,1,DEV:91203,#bradfield_710_fex/fex_flow_fbk,,
bradfield lab_713 floor_7 hood_1,bradfield,713,7,1,DEV:91224,#bradfield_713_fex/fex_flow_fbk,,
bradfield lab_716 floor_7 hood_1,bradfield,716,7,1,DEV:91207,#bradfield_716_fex/fex_flow_fbk,,
bradfield lab_613 floor_6 hood_1,bradfield,613,6,1,DEV:91120,#bradfield_613_fex/fex_flow_fbk,,
bradfield lab_614 floor_6 hood_1,bradfield,614,6,1,DEV:91104,#bradfield_614_fex/fex_flow_fbk,,
bradfield lab_615 floor_6 hood_1,bradfield,615,6,1,DEV:91121,#bradfield_615_fex/fex_flow_fbk,,
bradfield lab_618 floor_6 hood_1,bradfield,618,6,1,DEV:91108,#bradfield_602_fex/fex_flow_fbk,,
bradfield lab_623 floor_6 hood_1,bradfield,623,6,1,DEV:91122,#bradfield_602_gex21/fex_flow_fbk,,
bradfield lab_502 floor_5 hood_1,bradfield,502,5,1,DEV:91001,#bradfield_fex_502/fex_flow_fbk,,
bradfield lab_506A floor_5 hood_1,bradfield,506A,5,1,DEV:1028302,,#bradfield_506a_lav-05-03/sash,AI:2
bradfield lab_514D floor_5 hood_1,bradfield,514D,5,1,DEV:1028303,,#bradfield_514d_lav-05-04/sash,AI:2
bradfield lab_EX-51 floor_EX hood_1,bradfield,EX-51,EX,1,DEV:91002,#bradfield_fex_516/fex_flow_fbk,,
bradfield lab_517 floor_5 hood_1,bradfield,517,5,1,DEV:91016,#bradfield_fex_517/fex_flow_fbk,,
bradfield lab_525 floor_5 hood_1,bradfield,525,5,1,DEV:91017,#bradfield_fex_525/fex_flow_fbk,,
bradfield lab_405A floor_4 hood_1,bradfield,405A,4,1,DEV:90927,#bradfield_405_exhaust_control/fh-1_flow_fbk,#bradfield_405_exhaust_control/fh-1_sash_pos,AI:2
bradfield lab_412 floor_4 hood_1,bradfield,412,4,1,DEV:90928,#bradfield_412_exhaust_control/fh-1_flow_fbk,#bradfield_412_exhaust_control/fh-1_sash_pos,AI:2
bradfield lab_414A floor_4 hood_1,bradfield,414A,4,1,DEV:90902,#bradfield_414a_gex/fex_flow_fbk,,
bradfield lab_414B floor_4 hood_1,bradfield,414B,4,1,DEV:90903,#bradfield_414b_fex/fex_flow_fbk,,
bradfield lab_415 floor_4 hood_1,bradfield,415,4,1,DEV:90917,#bradfield_415_fex/fex_flow_fbk,,
bradfield lab_301 floor_3 hood_1,bradfield,301,3,1,DEV:90818,#bradfield_301_fex/fex_flow_fbk,,
bradfield lab_303A floor_3 hood_1,bradfield,303A,3,1,DEV:90817,#bradfield_303a_fex/fex_flow_fbk,,
bradfield lab_305 floor_3 hood_1,bradfield,305,3,1,DEV:90816,#bradfield_305_fex/fex_flow_fbk,,
bradfield lab_306 floor_3 hood_1,bradfield,306,3,1,DEV:90821,#bradfield_306_fex/fex_flow_fbk,,
bradfield lab_311 floor_3 hood_1,bradfield,311,3,1,DEV:90815,#bradfield_311_fex/fex_flow_fbk,,
bradfield lab_315 floor_3 hood_1,bradfield,315,3,1,DEV:90814,#bradfield_315_fex/fex_flow_fbk,,
bradfield lab_202 floor_2 hood_1,bradfield,202,2,1,DEV:90703,#bradfield_202_fex/fex_flow_fbk,,
bradfield lab_205 floor_2 hood_1,bradfield,205,2,1,DEV:90719,#bradfield_205_fex/fex_flow_fbk,,
bradfield lab_207 floor_2 hood_1,bradfield,207,2,1,DEV:90721,#bradfield_207_fex/fex_flow_fbk,,
bradfield lab_211A floor_2 hood_1,bradfield,211A,2,1,DEV:90720,#bradfield_211a_fex/fex_flow_fbk,,
bradfield lab_212 floor_2 hood_1,bradfield,212,2,1,DEV:90704,#bradfield_212_fex/fex_flow_fbk,,
bradfield lab_213A floor_2 hood_1,bradfield,213A,2,1,DEV:90722,#bradfield_213a_fex/fex_flow_fbk,,
bradfield lab_220 floor_2 hood_1,bradfield,220,2,1,DEV:90707,#bradfield_220_fex/fex_flow_fbk,,
bradfield lab_224A floor_2 hood_1,bradfield,224A,2,1,DEV:90708,#bradfield_224_fex/fex_flow_fbk,,
bradfield lab_G18 floor_G hood_1,bradfield,G18,G,1,DEV:28201,#g18_fex2/fex_flow_fbk,,
bradfield lab_G19 floor_G hood_1,bradfield,G19,G,1,DEV:90619,#bradfield_fex-g19/fex_flow_fbk,,
bradfield lab_B04 floor_B hood_1,bradfield,B04,B,1,DEV:1028209,,#lab_b04/sash,AI:4
bradfield lab_B04C floor_B hood_1,bradfield,B04C,B,1,DEV:90601,#bradfield_fex-b04/fex_flow_fbk,,
bradfield lab_B07F floor_B hood_1,bradfield,B07F,B,1,DEV:90616,#bradfield_fex-b07/fex_flow_fbk,,
phillips lab_324C floor_3 hood_1,phillips,324C,3,1,DEV:2039420,#phillips_lab_324c/fh-1_flow_fbk,#phillips_lab_324c/fh-1_sash_pos,AI:4
baker lab_112A floor_1 hood_1,baker,112A,1,1,DEV:31041,#112a3/fh-1_flow_fbk,#112a3/fh-1_sash_pos,AI:2
baker lab_114 floor_1 hood_1,baker,114,1,1,DEV:31040,#114_fev_gex/fh-1_flow_fbk,#114_fev_gex/fh-1_sash_pos,AI:4
baker lab_256 floor_2 hood_1,baker,256,2,1,DEV:31404,#bakerlab_lab_252/fh-1_flow_fbk,#bakerlab_lab_252/fh-1_sash_pos,AI:8
baker lab_256 floor_2 hood_2,baker,256,2,2,DEV:31404,#bakerlab_lab_252/fh-2_flow_fbk,#bakerlab_lab_252/fh-2_sash_pos,AI:10
baker lab_256 floor_2 hood_3,baker,256,2,3,DEV:31404,#bakerlab_lab_252/fh-3_flow_fbk,#bakerlab_lab_252/fh-3_sash_pos,AI:12
baker lab_256 floor_2 hood_4,baker,256,2,4,DEV:31404,#bakerlab_lab_252/fh-4_flow_fbk,#bakerlab_lab_252/fh-4_sash_pos,AI:14
baker lab_256 floor_2 hood_5,baker,256,2,5,DEV:31404,#bakerlab_lab_252/fh-5_flow_fbk,#bakerlab_lab_252/fh-5_sash_pos,AI:16
baker lab_256 floor_2 hood_6,baker,256,2,6,DEV:31404,#bakerlab_lab_252/fh-6_flow_fbk,#bakerlab_lab_252/fh-6_sash_pos,AI:18
baker lab_256 floor_2 hood_7,baker,256,2,7,DEV:31404,#bakerlab_lab_252/fh-7_flow_fbk,#bakerlab_lab_252/fh-7_sash_pos,AI:20
baker lab_256 floor_2 hood_8,baker,256,2,8,DEV:31404,#bakerlab_lab_252/fh-8_flow_fbk,#bakerlab_lab_252/fh-8_sash_pos,AI:22
baker lab_256 floor_2 hood_9,baker,256,2,9,DEV:31404,#bakerlab_lab_252/fh-9_flow_fbk,#bakerlab_lab_252/fh-9_sash_pos,AI:24
baker lab_258 floor_2 hood_1,baker,258,2,1,DEV:31405,#bakerlab_lab_258/fh-1_flow_fbk,#bakerlab_lab_258/fh-1_sash_pos,AI:4
baker lab_200C floor_2 hood_1,baker,200C,2,1,DEV:31329,#baker_lab_200c/fh-1_flow_fbk,#baker_lab_200c/fh-1_sash_pos,AI:4
baker lab_346A floor_3 hood_1,baker,346A,3,1,DEV:31621,#bakerlab_346a_2sav_3eav_6fh/fh-1_flow_fbk,#bakerlab_346a_2sav_3eav_6fh/fh-1_sash_pos,AI:8
baker lab_346A floor_3 hood_2,baker,346A,3,2,DEV:31621,#bakerlab_346a_2sav_3eav_6fh/fh-2_flow_fbk,#bakerlab_346a_2sav_3eav_6fh/fh-2_sash_pos,AI:10
baker lab_346A floor_3 hood_3,baker,346A,3,3,DEV:31621,#bakerlab_346a_2sav_3eav_6fh/fh-3_flow_fbk,#bakerlab_346a_2sav_3eav_6fh/fh-3_sash_pos,AI:12
baker lab_346A floor_3 hood_4,baker,346A,3,4,DEV:31621,#bakerlab_346a_2sav_3eav_6fh/fh-4_flow_fbk,#bakerlab_346a_2sav_3eav_6fh/fh-4_sash_pos,AI:14
baker lab_346A floor_3 hood_5,baker,346A,3,5,DEV:31621,#bakerlab_346a_2sav_3eav_6fh/fh-5_flow_fbk,#bakerlab_346a_2sav_3eav_6fh/fh-5_sash_pos,AI:16
baker lab_346A floor_3 hood_6,baker,346A,3,6,DEV:31621,#bakerlab_346a_2sav_3eav_6fh/fh-6_flow_fbk,#bakerlab_346a_2sav_3eav_6fh/fh-6_sash_pos,AI:18
baker lab_350A floor_3 hood_1,baker,350A,3,1,DEV:31624,#bakerlab_350a_2sav_3eav_6fh/fh-1_flow_fbk,#bakerlab_350a_2sav_3eav_6fh/fh-1_sash_pos,AI:8
baker lab_350A floor_3 hood_2,baker,350A,3,2,DEV:31624,#bakerlab_350a_2sav_3eav_6fh/fh-2_flow_fbk,#bakerlab_350a_2sav_3eav_6fh/fh-2_sash_pos,AI:10
baker lab_350A floor_3 hood_3,baker,350A,3,3,DEV:31624,#bakerlab_350a_2sav_3eav_6fh/fh-3_flow_fbk,#bakerlab_350a_2sav_3eav_6fh/fh-3_sash_pos,AI:12
baker lab_350A floor_3 hood_4,baker,350A,3,4,DEV:31624,#bakerlab_350a_2sav_3eav_6fh/fh-4_flow_fbk,#bakerlab_350a_2sav_3eav_6fh/fh-4_sash_pos,AI:14
baker lab_350A floor_3 hood_5,baker,350A,3,5,DEV:31624,#bakerlab_350a_2sav_3eav_6fh/fh-5_flow_fbk,#bakerlab_350a_2sav_3eav_6fh/fh-5_sash_pos,AI:16
baker lab_350A floor_3 hood_6,baker,350A,3,6,DEV:31624,#bakerlab_350a_2sav_3eav_6fh/fh-6_flow_fbk,#bakerlab_350a_2sav_3eav_6fh/fh-6_sash_pos,AI:18
baker lab_352 floor_3 hood_1,baker,352,3,1,DEV:31627,#bakerlab_352_sav_2eav_fh/fh-1_flow_fbk,#bakerlab_352_sav_2eav_fh/fh-1_sash_pos,AI:6
baker lab_355 floor_3 hood_1,baker,355,3,1,DEV:31629,#bakerlab_355_sav_eav_fh/fh-1_flow_fbk,#bakerlab_355_sav_eav_fh/fh-1_sash_pos,AI:4
biotech lab_336 floor_3 hood_1,biotech,336,3,1,DEV:47606,#biotech_336_hvac/fh-1_flow_fbk,#biotech_336_hvac/fh-1_sash_pos,AI:7
biotech lab_345 floor_3 hood_1,biotech,345,3,1,DEV:49007,#biotech_lab_345_hvac/fh-1_flow_fbk,#biotech_lab_345_hvac/fh-1_sash_pos,AI:4
biotech lab_445 floor_4 hood_1,biotech,445,4,1,DEV:49312,#biotech_lab_445_hvac/fh-1_flow_fbk,#biotech_lab_445_hvac/fh-1_sash_pos,AI:4
biotech lab_141 floor_1 hood_1,biotech,141,1,1,DEV:48702,#biotech/biotech_1st_floor/first_floor_fume_hood_lab_spaces/lab_141_control/hoodvalve_flow,#biotech/biotech_1st_floor/first_floor_fume_hood_lab_spaces/lab_141_control/hood_sash,AI:4
biotech lab_143 floor_1 hood_1,biotech,143,1,1,DEV:48703,#biotech/biotech_1st_floor/first_floor_fume_hood_lab_spaces/lab_143_control/hoodvalve_flow,#biotech/biotech_1st_floor/first_floor_fume_hood_lab_spaces/lab_143_control/hood_sash,AI:4
biotech lab_147B floor_1 hood_1,biotech,147B,1,1,DEV:48705,#biotech/biotech_1st_floor/first_floor_fume_hood_lab_spaces/lab_147b_control/hoodvalve_flow,#biotech/biotech_1st_floor/first_floor_fume_hood_lab_spaces/lab_147b_control/hood_sash,AI:4
biotech lab_153 floor_1 hood_1,biotech,153,1,1,DEV:48706,#biotech/biotech_1st_floor/first_floor_fume_hood_lab_spaces/lab_153_control/hoodvalve_flow,#biotech/biotech_1st_floor/first_floor_fume_hood_lab_spaces/lab_153_control/hood_sash,AI:4
biotech lab_153B floor_1 hood_1,biotech,153B,1,1,DEV:48707,#biotech/biotech_1st_floor/first_floor_fume_hood_lab_spaces/lab_153b_control/hoodvalve_flow,#biotech/biotech_1st_floor/first_floor_fume_hood_lab_spaces/lab_153b_control/hood_sash,AI:4
biotech lab_155 floor_1 hood_1,biotech,155,1,1,DEV:48708,#biotech/biotech_1st_floor/first_floor_fume_hood_lab_spaces/lab_155_control/hoodvalve_flow,#biotech/biotech_1st_floor/first_floor_fume_hood_lab_spaces/lab_155_control/hood_sash,AI:4
biotech lab_160 floor_1 hood_1,biotech,160,1,1,DEV:48709,#biotech/biotech_1st_floor/first_floor_fume_hood_lab_spaces/lab_160_control/hoodvalve_flow,#biotech/biotech_1st_floor/first_floor_fume_hood_lab_spaces/lab_160_control/hood_sash,AI:4
biotech lab_203B floor_2 hood_1,biotech,203B,2,1,DEV:48514,#biotech_lab_203b_hvac/fh-1_flow_fbk,#biotech_lab_203b_hvac/fh-1_sash_pos,AI:4
biotech lab_209 floor_2 hood_1,biotech,209,2,1,DEV:48515,#biotech_209_hvac/fh-1_flow_fbk,#biotech_209_hvac/fh-1_sash_pos,AI:4
biotech lab_209B floor_2 hood_1,biotech,209B,2,1,DEV:48516,#biotech_209b_hvac/fh-1_flow_fbk,#biotech_209b_hvac/fh-1_sash_pos,AI:4
biotech lab_217B floor_2 hood_1,biotech,217B,2,1,DEV:48303,#biotech/biotech_2nd_floor/second_floor_fume_hood_lab_spaces/lab_217b_control/hoodvalve_flow,#biotech/biotech_2nd_floor/second_floor_fume_hood_lab_spaces/lab_217b_control/hood_sash,AI:4
biotech lab_221 floor_2 hood_1,biotech,221,2,1,DEV:48305,#biotech/biotech_2nd_floor/second_floor_fume_hood_lab_spaces/lab_221_control/hoodvalve_flow,#biotech/biotech_2nd_floor/second_floor_fume_hood_lab_spaces/lab_221_control/hood_sash,AI:4
biotech lab_221B floor_2 hood_1,biotech,221B,2,1,DEV:48306,#biotech/biotech_2nd_floor/second_floor_fume_hood_lab_spaces/lab_221b_control/hoodvalve_flow,#biotech/biotech_2nd_floor/second_floor_fume_hood_lab_spaces/lab_221b_control/hood_sash,AI:4
biotech lab_227 floor_2 hood_1,biotech,227,2,1,DEV:48307,#biotech/biotech_2nd_floor/second_floor_fume_hood_lab_spaces/lab_227_control/hoodvalve_flow,#biotech/biotech_2nd_floor/second_floor_fume_hood_lab_spaces/lab_227_control/hood_sash,AI:4
biotech lab_227B floor_2 hood_1,biotech,227B,2,1,DEV:48308,#biotech/biotech_2nd_floor/second_floor_fume_hood_lab_spaces/lab_227b_control/hoodvalve_flow,#biotech/biotech_2nd_floor/second_floor_fume_hood_lab_spaces/lab_227b_control/hood_sash,AI:4
biotech lab_233 floor_2 hood_1,biotech,233,2,1,DEV:48309,#biotech/biotech_2nd_floor/second_floor_fume_hood_lab_spaces/lab_233_control/hoodvalve_flow,#biotech/biotech_2nd_floor/second_floor_fume_hood_lab_spaces/lab_233_control/hood_sash,AI:4
biotech lab_233B floor_2 hood_1,biotech,233B,2,1,DEV:48310,#biotech/biotech_2nd_floor/second_floor_fume_hood_lab_spaces/lab_233b_control/hoodvalve_flow,#biotech/biotech_2nd_floor/second_floor_fume_hood_lab_spaces/lab_233b_control/hood_sash,AI:4
biotech lab_241 floor_2 hood_1,biotech,241,2,1,DEV:48411,#biotech/biotech_2nd_floor/second_floor_fume_hood_lab_spaces/lab_241_control/hoodvalve_flow,#biotech/biotech_2nd_floor/second_floor_fume_hood_lab_spaces/lab_241_control/hood_sash,AI:4
biotech lab_241B floor_2 hood_1,biotech,241B,2,1,DEV:48412,#biotech/biotech_2nd_floor/second_floor_fume_hood_lab_spaces/lab_241b_control/hoodvalve_flow,#biotech/biotech_2nd_floor/second_floor_fume_hood_lab_spaces/lab_241b_control/hood_sash,AI:4
biotech lab_245 floor_2 hood_1,biotech,245,2,1,DEV:48444,#biotech_245_hvac/fh-1_flow_fbk,#biotech_245_hvac/fh-1_sash_pos,AI:4
biotech lab_245B floor_2 hood_1,biotech,245B,2,1,DEV:48445,#biotech_lab_245b_hvac/fh-1_flow_fbk,#biotech_lab_245b_hvac/fh-1_sash_pos,AI:4
biotech lab_253 floor_2 hood_1,biotech,253,2,1,DEV:48446,#biotech/biotech_2nd_floor/second_floor_fume_hood_lab_spaces/lab_253_control/hoodvalve_flow,#biotech/biotech_2nd_floor/second_floor_fume_hood_lab_spaces/lab_253_control/hood_sash,AI:4
biotech lab_253B floor_2 hood_1,biotech,253B,2,1,DEV:48447,#biotech/biotech_2nd_floor/second_floor_fume_hood_lab_spaces/lab_253b_control/hoodvalve_flow,#biotech/biotech_2nd_floor/second_floor_fume_hood_lab_spaces/lab_253b_control/hood_sash,AI:4
biotech lab_257 floor_2 hood_1,biotech,257,2,1,DEV:48448,#biotech/biotech_2nd_floor/second_floor_fume_hood_lab_spaces/lab_257_control/hoodvalve_flow,#biotech/biotech_2nd_floor/second_floor_fume_hood_lab_spaces/lab_257_control/hood_sash,AI:4
biotech lab_257B floor_2 hood_1,biotech,257B,2,1,DEV:48449,#biotech/biotech_2nd_floor/second_floor_fume_hood_lab_spaces/lab_257b_control/hoodvalve_flow,#biotech/biotech_2nd_floor/second_floor_fume_hood_lab_spaces/lab_257b_control/hood_sash,AI:4
biotech lab_260 floor_2 hood_1,biotech,260,2,1,DEV:48450,#biotech/biotech_2nd_floor/second_floor_fume_hood_lab_spaces/lab_260_control/hoodvalve_flow,#biotech/biotech_2nd_floor/second_floor_fume_hood_lab_spaces/lab_260_control/hood_sash,AI:4
biotech lab_260B floor_2 hood_1,biotech,260B,2,1,DEV:48451,#biotech/biotech_2nd_floor/second_floor_fume_hood_lab_spaces/lab_260b_control/hoodvalve_flow,#biotech/biotech_2nd_floor/second_floor_fume_hood_lab_spaces/lab_260b_control/hood_sash,AI:4
biotech lab_267B floor_2 hood_1,biotech,267B,2,1,DEV:48553,#biotech_lab_267b_hvac/fh-1_flow_fbk,#biotech_lab_267b_hvac/fh-1_sash_pos,AI:4
biotech lab_303 floor_3 hood_1,biotech,303,3,1,DEV:49143,#biotech/biotech_3rd_floor/third_floor_fume_hood_lab_spaces/lab_303_control/hoodvalve_flow,#biotech/biotech_3rd_floor/third_floor_fume_hood_lab_spaces/lab_303_control/hood_sash,AI:4
biotech lab_303B floor_3 hood_1,biotech,303B,3,1,DEV:49144,#biotech/biotech_3rd_floor/third_floor_fume_hood_lab_spaces/lab_303b_control/hoodvalve_flow,#biotech/biotech_3rd_floor/third_floor_fume_hood_lab_spaces/lab_303b_control/hood_sash,AI:4
biotech lab_309 floor_3 hood_1,biotech,309,3,1,DEV:49102,#biotech/biotech_3rd_floor/third_floor_fume_hood_lab_spaces/lab_309_control/hoodvalve_flow,#biotech/biotech_3rd_floor/third_floor_fume_hood_lab_spaces/lab_309_control/hood_sash,AI:4
biotech lab_309B floor_3 hood_1,biotech,309B,3,1,DEV:49103,#biotech/biotech_3rd_floor/third_floor_fume_hood_lab_spaces/lab_309b_control/hoodvalve_flow,#biotech/biotech_3rd_floor/third_floor_fume_hood_lab_spaces/lab_309b_control/hood_sash,AI:4
biotech lab_317 floor_3 hood_1,biotech,317,3,1,DEV:489118,#biotech/biotech_3rd_floor/third_floor_fume_hood_lab_spaces/lab_317_control/hoodvalve_flow,#biotech/biotech_3rd_floor/third_floor_fume_hood_lab_spaces/lab_317_control/hood_sash,AI:4
biotech lab_317B floor_3 hood_1,biotech,317B,3,1,DEV:48919,#biotech/biotech_3rd_floor/third_floor_fume_hood_lab_spaces/lab_317b_control/hoodvalve_flow,#biotech/biotech_3rd_floor/third_floor_fume_hood_lab_spaces/lab_317b_control/hood_sash,AI:4
biotech lab_318 floor_3 hood_1,biotech,318,3,1,DEV:48917,#biotech/biotech_3rd_floor/third_floor_fume_hood_lab_spaces/lab_318_control/hoodvalve_flow,#biotech/biotech_3rd_floor/third_floor_fume_hood_lab_spaces/lab_318_control/hood_sash,AI:4
biotech lab_321 floor_3 hood_1,biotech,321,3,1,DEV:48924,#biotech/biotech_3rd_floor/third_floor_fume_hood_lab_spaces/lab_321_control/hoodvalve_flow,#biotech/biotech_3rd_floor/third_floor_fume_hood_lab_spaces/lab_321_control/hood_sash,AI:4
biotech lab_321B floor_3 hood_1,biotech,321B,3,1,DEV:48925,#biotech/biotech_3rd_floor/third_floor_fume_hood_lab_spaces/lab_321b_control/hoodvalve_flow,#biotech/biotech_3rd_floor/third_floor_fume_hood_lab_spaces/lab_321b_control/hood_sash,AI:4
biotech lab_327 floor_3 hood_1,biotech,327,3,1,DEV:48920,#biotech/biotech_3rd_floor/third_floor_fume_hood_lab_spaces/lab_327_control/hoodvalve_flow,#biotech/biotech_3rd_floor/third_floor_fume_hood_lab_spaces/lab_327_control/hood_sash,AI:4
biotech lab_327B floor_3 hood_1,biotech,327B,3,1,DEV:48921,#biotech/biotech_3rd_floor/third_floor_fume_hood_lab_spaces/lab_327b_control/hoodvalve_flow,#biotech/biotech_3rd_floor/third_floor_fume_hood_lab_spaces/lab_327b_control/hood_sash,AI:4
biotech lab_333 floor_3 hood_1,biotech,333,3,1,DEV:48922,#biotech/biotech_3rd_floor/third_floor_fume_hood_lab_spaces/lab_333_control/hoodvalve_flow,#biotech/biotech_3rd_floor/third_floor_fume_hood_lab_spaces/lab_333_control/hood_sash,AI:4
biotech lab_333B floor_3 hood_1,biotech,333B,3,1,DEV:48923,#biotech/biotech_3rd_floor/third_floor_fume_hood_lab_spaces/lab_333b_control/hoodvalve_flow,#biotech/biotech_3rd_floor/third_floor_fume_hood_lab_spaces/lab_333b_control/hood_sash,AI:4
biotech lab_341 floor_3 hood_1,biotech,341,3,1,DEV:49005,#biotech/biotech_3rd_floor/third_floor_fume_hood_lab_spaces/lab_341_control/hoodvalve_flow,#biotech/biotech_3rd_floor/third_floor_fume_hood_lab_spaces/lab_341_control/hood_sash,AI:4
biotech lab_341B floor_3 hood_1,biotech,341B,3,1,DEV:49006,#biotech/biotech_3rd_floor/third_floor_fume_hood_lab_spaces/lab_341b_control/hoodvalve_flow,#biotech/biotech_3rd_floor/third_floor_fume_hood_lab_spaces/lab_341b_control/hood_sash,AI:4
biotech lab_353 floor_3 hood_1,biotech,353,3,1,DEV:47607,#biotech_353_east_hvac/fh-1_flow_fbk,#biotech_353_east_hvac/fh-1_sash_pos,AI:17
biotech lab_360 floor_3 hood_1,biotech,360,3,1,DEV:49013,#biotech/biotech_3rd_floor/third_floor_fume_hood_lab_spaces/lab_360_control/hoodvalve_flow,#biotech/biotech_3rd_floor/third_floor_fume_hood_lab_spaces/lab_360_control/hood_sash,AI:4
biotech lab_360B floor_3 hood_1,biotech,360B,3,1,DEV:49014,#biotech/biotech_3rd_floor/third_floor_fume_hood_lab_spaces/lab_360b_control/hoodvalve_flow,#biotech/biotech_3rd_floor/third_floor_fume_hood_lab_spaces/lab_360b_control/hood_sash,AI:4
biotech lab_367 floor_3 hood_1,biotech,367,3,1,DEV:49115,#biotech/biotech_3rd_floor/third_floor_fume_hood_lab_spaces/lab_367_control/hoodvalve_flow,#biotech/biotech_3rd_floor/third_floor_fume_hood_lab_spaces/lab_367_control/hood_sash,AI:4
biotech lab_367B floor_3 hood_1,biotech,367B,3,1,DEV:49116,#biotech/biotech_3rd_floor/third_floor_fume_hood_lab_spaces/lab_367b_control/hoodvalve_flow,#biotech/biotech_3rd_floor/third_floor_fume_hood_lab_spaces/lab_367b_control/hood_sash,AI:4
biotech lab_403 floor_4 hood_1,biotech,403,4,1,DEV:49435,#biotech/biotech_4th_floor/fourth_floor_fume_hood_lab_spaces/lab_403_control/hoodvalve_flow,#biotech/biotech_4th_floor/fourth_floor_fume_hood_lab_spaces/lab_403_control/hood_sash,AI:4
biotech lab_403B floor_4 hood_1,biotech,403B,4,1,DEV:49436,#biotech/biotech_4th_floor/fourth_floor_fume_hood_lab_spaces/lab_403b_control/hoodvalve_flow,#biotech/biotech_4th_floor/fourth_floor_fume_hood_lab_spaces/lab_403b_control/hood_sash,AI:4
biotech lab_409 floor_4 hood_1,biotech,409,4,1,DEV:49437,#biotech/biotech_4th_floor/fourth_floor_fume_hood_lab_spaces/lab_409_control/hoodvalve_flow,#biotech/biotech_4th_floor/fourth_floor_fume_hood_lab_spaces/lab_409_control/hood_sash,AI:4
biotech lab_409B floor_4 hood_1,biotech,409B,4,1,DEV:49438,#biotech/biotech_4th_floor/fourth_floor_fume_hood_lab_spaces/lab_409b_control/hoodvalve_flow,#biotech/biotech_4th_floor/fourth_floor_fume_hood_lab_spaces/lab_409b_control/hood_sash,AI:4
biotech lab_417 floor_4 hood_1,biotech,417,4,1,DEV:49239,#biotech/biotech_4th_floor/fourth_floor_fume_hood_lab_spaces/lab_417_control/hoodvalve_flow,#biotech/biotech_4th_floor/fourth_floor_fume_hood_lab_spaces/lab_417_control/hood_sash,AI:4
biotech lab_417B floor_4 hood_1,biotech,417B,4,1,DEV:49240,#biotech/biotech_4th_floor/fourth_floor_fume_hood_lab_spaces/lab_417b_control/hoodvalve_flow,#biotech/biotech_4th_floor/fourth_floor_fume_hood_lab_spaces/lab_417b_control/hood_sash,AI:4
biotech lab_418 floor_4 hood_1,biotech,418,4,1,DEV:49241,#biotech/biotech_4th_floor/fourth_floor_fume_hood_lab_spaces/lab_418_control/hoodvalve_flow,#biotech/biotech_4th_floor/fourth_floor_fume_hood_lab_spaces/lab_418_control/hood_sash,AI:4
biotech lab_421 floor_4 hood_1,biotech,421,4,1,DEV:49242,#biotech/biotech_4th_floor/fourth_floor_fume_hood_lab_spaces/lab_421_control/hoodvalve_flow,#biotech/biotech_4th_floor/fourth_floor_fume_hood_lab_spaces/lab_421_control/hood_sash,AI:4
biotech lab_421B floor_4 hood_1,biotech,421B,4,1,DEV:49243,#biotech/biotech_4th_floor/fourth_floor_fume_hood_lab_spaces/lab_421b_control/hoodvalve_flow,#biotech/biotech_4th_floor/fourth_floor_fume_hood_lab_spaces/lab_421b_control/hood_sash,AI:4
biotech lab_427B floor_4 hood_1,biotech,427B,4,1,DEV:49221,#biotech/biotech_4th_floor/fourth_floor_fume_hood_lab_spaces/lab_427b_control/hoodvalve_flow,#biotech/biotech_4th_floor/fourth_floor_fume_hood_lab_spaces/lab_427b_control/hood_sash,AI:4
biotech lab_433 floor_4 hood_1,biotech,433,4,1,DEV:49222,#biotech/biotech_4th_floor/fourth_floor_fume_hood_lab_spaces/lab_433_control/hoodvalve_flow,#biotech/biotech_4th_floor/fourth_floor_fume_hood_lab_spaces/lab_433_control/hood_sash,AI:4
biotech lab_433B floor_4 hood_1,biotech,433B,4,1,DEV:49223,#biotech/biotech_4th_floor/fourth_floor_fume_hood_lab_spaces/lab_433b_control/hoodvalve_flow,#biotech/biotech_4th_floor/fourth_floor_fume_hood_lab_spaces/lab_433b_control/hood_sash,AI:4
biotech lab_441 floor_4 hood_1,biotech,441,4,1,DEV:49310,#biotech/biotech_4th_floor/fourth_floor_fume_hood_lab_spaces/lab_441_control/hoodvalve_flow,#biotech/biotech_4th_floor/fourth_floor_fume_hood_lab_spaces/lab_441_control/hood_sash,AI:4
biotech lab_441B floor_4 hood_1,biotech,441B,4,1,DEV:49311,#biotech/biotech_4th_floor/fourth_floor_fume_hood_lab_spaces/lab_441b_control/hoodvalve_flow,#biotech/biotech_4th_floor/fourth_floor_fume_hood_lab_spaces/lab_441b_control/hood_sash,AI:4
biotech lab_453 floor_4 hood_1,biotech,453,4,1,DEV:49314,#biotech/biotech_4th_floor/fourth_floor_fume_hood_lab_spaces/lab_453_control/hoodvalve_flow,#biotech/biotech_4th_floor/fourth_floor_fume_hood_lab_spaces/lab_453_control/hood_sash,AI:4
biotech lab_453B floor_4 hood_1,biotech,453B,4,1,DEV:49315,#biotech/biotech_4th_floor/fourth_floor_fume_hood_lab_spaces/lab_453b_control/hoodvalve_flow,#biotech/biotech_4th_floor/fourth_floor_fume_hood_lab_spaces/lab_453b_control/hood_sash,AI:4
biotech lab_457 floor_4 hood_1,biotech,457,4,1,DEV:49316,#biotech/biotech_4th_floor/fourth_floor_fume_hood_lab_spaces/lab_457_control/hoodvalve_flow,#biotech/biotech_4th_floor/fourth_floor_fume_hood_lab_spaces/lab_457_control/hood_sash,AI:4
biotech lab_457B floor_4 hood_1,biotech,457B,4,1,DEV:49317,#biotech/biotech_4th_floor/fourth_floor_fume_hood_lab_spaces/lab_457b_control/hoodvalve_flow,#biotech/biotech_4th_floor/fourth_floor_fume_hood_lab_spaces/lab_457b_control/hood_sash,AI:4
biotech lab_460B floor_4 hood_1,biotech,460B,4,1,DEV:49319,#biotech/biotech_4th_floor/fourth_floor_fume_hood_lab_spaces/lab_460b_control/fh-1_flow_fbk,#biotech/biotech_4th_floor/fourth_floor_fume_hood_lab_spaces/lab_460b_control/fh-1_sash_pos,AI:4
biotech lab_467B floor_4 hood_1,biotech,467B,4,1,DEV:49425,#biotech/biotech_4th_floor/fourth_floor_fume_hood_lab_spaces/lab_467b_control/fh-1_flow_fbk,#biotech/biotech_4th_floor/fourth_floor_fume_hood_lab_spaces/lab_467b_control/fh-1_sash_pos,AI:4
biotech lab_G54 floor_G hood_1,biotech,G54,G,1,DEV:1018354,#biotech/biotech_ground_floor/ground_floor_fume_hood_lab_spaces/lab_g54_control/hoodvalve_flow,#biotech/biotech_ground_floor/ground_floor_fume_hood_lab_spaces/lab_g54_control/hood_sash,AI:4
